-- MySQL dump 10.13  Distrib 8.0.22, for Win64 (x86_64)
--
-- Host: localhost    Database: vk
-- ------------------------------------------------------
-- Server version	8.0.22

/*!40101 SET @OLD_CHARACTER_SET_CLIENT=@@CHARACTER_SET_CLIENT */;
/*!40101 SET @OLD_CHARACTER_SET_RESULTS=@@CHARACTER_SET_RESULTS */;
/*!40101 SET @OLD_COLLATION_CONNECTION=@@COLLATION_CONNECTION */;
/*!50503 SET NAMES utf8mb4 */;
/*!40103 SET @OLD_TIME_ZONE=@@TIME_ZONE */;
/*!40103 SET TIME_ZONE='+00:00' */;
/*!40014 SET @OLD_UNIQUE_CHECKS=@@UNIQUE_CHECKS, UNIQUE_CHECKS=0 */;
/*!40014 SET @OLD_FOREIGN_KEY_CHECKS=@@FOREIGN_KEY_CHECKS, FOREIGN_KEY_CHECKS=0 */;
/*!40101 SET @OLD_SQL_MODE=@@SQL_MODE, SQL_MODE='NO_AUTO_VALUE_ON_ZERO' */;
/*!40111 SET @OLD_SQL_NOTES=@@SQL_NOTES, SQL_NOTES=0 */;

--
-- Table structure for table `communities`
--

DROP TABLE IF EXISTS `communities`;
/*!40101 SET @saved_cs_client     = @@character_set_client */;
/*!50503 SET character_set_client = utf8mb4 */;
CREATE TABLE `communities` (
  `id` int unsigned NOT NULL AUTO_INCREMENT COMMENT 'Идентификатор сроки',
  `name` varchar(150) CHARACTER SET utf8 COLLATE utf8_unicode_ci NOT NULL COMMENT 'Название группы',
  `created_at` datetime DEFAULT CURRENT_TIMESTAMP COMMENT 'Время создания строки',
  `updated_at` datetime DEFAULT CURRENT_TIMESTAMP ON UPDATE CURRENT_TIMESTAMP COMMENT 'Время обновления строки',
  PRIMARY KEY (`id`),
  UNIQUE KEY `name` (`name`)
) ENGINE=InnoDB AUTO_INCREMENT=101 DEFAULT CHARSET=utf8 COLLATE=utf8_unicode_ci COMMENT='Группы';
/*!40101 SET character_set_client = @saved_cs_client */;

--
-- Dumping data for table `communities`
--

LOCK TABLES `communities` WRITE;
/*!40000 ALTER TABLE `communities` DISABLE KEYS */;
INSERT INTO `communities` VALUES (1,'quis','2014-10-28 15:09:20','2020-11-16 23:11:04'),(2,'enim','2012-04-06 10:28:03','2020-11-16 23:11:04'),(3,'sed','2020-08-12 06:21:08','2020-11-16 23:11:04'),(4,'quas','2014-12-24 20:51:32','2016-10-14 17:11:36'),(5,'impedit','2017-12-05 21:05:00','2020-11-16 23:11:04'),(6,'veritatis','2020-10-02 07:47:28','2020-11-16 23:11:04'),(7,'laboriosam','2013-04-17 14:43:50','2014-08-06 08:10:25'),(8,'tenetur','2019-06-03 05:58:02','2020-11-16 23:11:04'),(9,'architecto','2015-04-22 02:24:53','2017-09-07 08:38:55'),(10,'aut','2017-12-08 00:55:42','2020-11-16 23:11:04'),(11,'itaque','2015-09-12 21:27:58','2020-11-16 23:11:04'),(12,'iure','2016-02-12 21:43:13','2020-11-16 23:11:04'),(13,'et','2018-11-21 16:38:03','2020-11-16 23:11:04'),(14,'voluptatem','2015-01-08 12:57:24','2020-11-16 23:11:04'),(15,'praesentium','2018-10-20 09:21:46','2020-11-16 23:11:04'),(16,'omnis','2017-03-07 15:45:15','2020-11-16 23:11:04'),(17,'voluptate','2016-11-28 00:16:25','2017-06-08 19:46:31'),(18,'mollitia','2013-10-08 15:16:07','2019-09-09 22:56:29'),(19,'qui','2017-08-03 10:46:20','2020-01-04 02:05:20'),(20,'nobis','2018-11-15 02:12:23','2020-11-16 23:11:04');
/*!40000 ALTER TABLE `communities` ENABLE KEYS */;
UNLOCK TABLES;

--
-- Table structure for table `communities_users`
--

DROP TABLE IF EXISTS `communities_users`;
/*!40101 SET @saved_cs_client     = @@character_set_client */;
/*!50503 SET character_set_client = utf8mb4 */;
CREATE TABLE `communities_users` (
  `community_id` int unsigned NOT NULL COMMENT 'Ссылка на группу',
  `user_id` int unsigned NOT NULL COMMENT 'Ссылка на пользователя',
  `created_at` datetime DEFAULT CURRENT_TIMESTAMP COMMENT 'Время создания строки',
  PRIMARY KEY (`community_id`,`user_id`) COMMENT 'Составной первичный ключ'
) ENGINE=InnoDB DEFAULT CHARSET=utf8 COLLATE=utf8_unicode_ci COMMENT='Участники групп, связь между пользователями и группами';
/*!40101 SET character_set_client = @saved_cs_client */;

--
-- Dumping data for table `communities_users`
--

LOCK TABLES `communities_users` WRITE;
/*!40000 ALTER TABLE `communities_users` DISABLE KEYS */;
INSERT INTO `communities_users` VALUES (4,58,'2020-11-15 23:17:44'),(5,17,'2015-10-13 22:19:05'),(7,94,'2014-01-21 18:09:47'),(8,23,'2016-08-20 15:20:53'),(8,30,'2012-08-12 16:03:51'),(8,44,'2015-03-30 19:50:11'),(9,18,'2020-05-17 21:15:24'),(9,19,'2018-09-30 05:59:04'),(10,77,'2016-05-28 11:37:37'),(11,22,'2011-03-09 16:17:40'),(12,53,'2014-08-05 15:59:16'),(12,65,'2016-03-03 16:57:14'),(13,37,'2012-10-25 03:50:01'),(13,40,'2012-06-28 11:21:10'),(13,86,'2019-08-12 21:39:40'),(14,61,'2013-03-01 10:52:44'),(15,37,'2019-04-24 04:45:57'),(16,73,'2014-01-18 04:19:59'),(17,7,'2018-03-11 03:50:28'),(18,72,'2018-02-12 10:07:09');
/*!40000 ALTER TABLE `communities_users` ENABLE KEYS */;
UNLOCK TABLES;

--
-- Table structure for table `friendship`
--

DROP TABLE IF EXISTS `friendship`;
/*!40101 SET @saved_cs_client     = @@character_set_client */;
/*!50503 SET character_set_client = utf8mb4 */;
CREATE TABLE `friendship` (
  `user_id` int unsigned NOT NULL COMMENT 'Ссылка на инициатора дружеских отношений',
  `friend_id` int unsigned NOT NULL COMMENT 'Ссылка на получателя приглашения дружить',
  `status_id` int unsigned NOT NULL COMMENT 'Ссылка на статус (текущее состояние) отношений',
  `requested_at` datetime DEFAULT CURRENT_TIMESTAMP COMMENT 'Время отправления приглашения дружить',
  `confirmed_at` datetime DEFAULT NULL COMMENT 'Время подтверждения приглашения',
  `created_at` datetime DEFAULT CURRENT_TIMESTAMP COMMENT 'Время создания строки',
  `updated_at` datetime DEFAULT CURRENT_TIMESTAMP ON UPDATE CURRENT_TIMESTAMP COMMENT 'Время обновления строки',
  PRIMARY KEY (`user_id`,`friend_id`) COMMENT 'Составной первичный ключ'
) ENGINE=InnoDB DEFAULT CHARSET=utf8 COLLATE=utf8_unicode_ci COMMENT='Таблица дружбы';
/*!40101 SET character_set_client = @saved_cs_client */;

--
-- Dumping data for table `friendship`
--

LOCK TABLES `friendship` WRITE;
/*!40000 ALTER TABLE `friendship` DISABLE KEYS */;
INSERT INTO `friendship` VALUES (2,94,2,'1976-10-03 00:00:00','2015-03-06 13:11:57','2014-05-18 20:52:22','2020-11-16 23:09:01'),(3,29,1,'1982-04-29 00:00:00','2012-05-14 10:41:50','2011-03-07 17:06:38','2020-11-16 23:09:01'),(3,76,3,'2003-03-29 00:00:00','2012-09-02 16:20:17','2015-09-18 02:06:11','2020-11-16 23:09:01'),(7,91,3,'2004-07-22 00:00:00','2015-01-06 13:16:48','2020-05-06 02:48:16','2020-11-16 23:00:38'),(8,82,2,'1999-03-09 00:00:00','2019-11-09 02:37:14','2012-02-23 00:42:31','2020-11-16 23:09:01'),(9,35,3,'1989-09-16 00:00:00','2014-10-29 18:57:29','2018-04-27 08:12:19','2020-11-16 23:09:01'),(11,80,2,'1992-04-20 00:00:00','2020-04-24 08:17:43','2017-01-17 09:26:15','2020-11-16 23:09:01'),(12,18,2,'2012-04-30 00:00:00','2013-02-21 03:03:58','2017-09-24 17:00:32','2020-11-16 23:09:01'),(12,60,2,'2012-06-15 00:00:00','2012-10-08 12:09:15','2013-05-02 13:00:51','2020-11-16 23:09:01'),(15,13,3,'1987-12-23 00:00:00','2020-03-23 17:14:19','2014-01-01 19:45:47','2020-11-16 23:09:01'),(17,2,2,'2019-01-09 00:00:00','2014-06-18 11:55:42','2013-07-04 03:10:03','2020-11-16 23:00:38'),(17,44,3,'1983-06-19 00:00:00','2014-07-23 16:00:09','2016-03-11 05:59:40','2020-11-16 23:09:01'),(17,52,2,'1987-04-29 00:00:00','2017-01-06 01:50:40','2013-12-15 11:32:49','2020-11-16 23:09:01'),(18,55,1,'1972-11-02 00:00:00','2018-04-07 10:49:32','2020-02-20 12:29:38','2020-11-16 23:09:01'),(19,48,2,'2004-10-11 00:00:00','2019-01-02 09:07:35','2016-04-13 20:09:24','2020-11-16 23:09:01'),(21,38,2,'1974-12-05 00:00:00','2015-11-16 00:32:06','2017-02-09 13:29:43','2020-11-16 23:09:01'),(21,42,1,'1971-06-07 00:00:00','2018-09-18 21:06:34','2019-08-08 13:23:33','2020-11-16 23:00:38'),(22,71,1,'1978-06-10 00:00:00','2020-06-11 09:30:06','2019-01-02 10:06:35','2020-11-16 23:09:01'),(24,33,1,'2015-05-20 00:00:00','2017-03-13 08:51:07','2017-09-30 23:41:02','2020-11-16 23:00:38'),(25,23,3,'2000-06-15 00:00:00','2017-04-24 04:16:48','2011-04-21 04:01:28','2020-11-16 23:09:01'),(26,14,3,'1973-07-09 00:00:00','2012-03-31 08:09:45','2020-07-30 04:16:13','2020-11-16 23:00:38'),(26,73,1,'1979-01-25 00:00:00','2012-01-29 18:47:52','2012-04-06 18:58:43','2020-11-16 23:09:01'),(28,20,2,'1973-04-06 00:00:00','2011-12-23 01:00:08','2013-02-04 07:42:03','2020-11-16 23:09:01'),(28,27,3,'1973-08-13 00:00:00','2011-12-17 16:30:33','2014-09-24 16:13:43','2020-11-16 23:09:01'),(31,18,2,'1998-05-20 00:00:00','2019-05-31 02:05:27','2016-05-07 21:32:01','2020-11-16 23:09:01'),(32,81,2,'2020-01-26 00:00:00','2016-02-07 17:38:13','2014-11-30 23:00:30','2020-11-16 23:09:01'),(33,69,3,'1982-07-11 00:00:00','2017-03-25 07:43:57','2017-11-17 11:43:41','2020-11-16 23:09:01'),(34,6,1,'2009-02-08 00:00:00','2012-06-21 02:07:21','2016-05-04 12:27:57','2020-11-16 23:09:01'),(34,9,2,'1992-04-13 00:00:00','2015-03-31 12:21:43','2016-02-13 10:00:49','2020-11-16 23:09:01'),(35,3,2,'2010-09-07 00:00:00','2013-09-22 04:13:04','2018-05-02 13:07:55','2020-11-16 23:09:01'),(35,80,3,'1993-11-15 00:00:00','2012-09-29 16:30:29','2019-08-17 15:46:14','2020-11-16 23:09:01'),(35,88,3,'1993-07-17 00:00:00','2014-02-08 06:39:33','2019-03-11 22:13:20','2020-11-16 23:09:01'),(37,2,1,'2014-12-06 00:00:00','2014-02-23 16:33:33','2017-02-06 08:41:16','2020-11-16 23:09:01'),(39,27,3,'2015-06-29 00:00:00','2019-03-05 03:53:33','2016-10-23 05:07:42','2020-11-16 23:09:01'),(39,77,3,'1971-01-12 00:00:00','2020-06-26 12:19:11','2015-10-26 17:48:27','2020-11-16 23:09:01'),(39,96,3,'1997-05-30 00:00:00','2019-06-18 16:37:11','2014-01-06 03:30:37','2020-11-16 23:09:01'),(40,4,1,'1978-07-30 00:00:00','2012-02-28 05:54:36','2020-06-22 14:29:30','2020-11-16 23:09:01'),(40,32,3,'1991-07-03 00:00:00','2014-09-07 17:11:48','2016-06-26 12:06:11','2020-11-16 23:09:01'),(41,34,3,'1993-02-13 00:00:00','2013-12-08 19:32:09','2015-09-23 18:18:27','2020-11-16 23:00:38'),(41,45,3,'1981-04-24 00:00:00','2015-03-26 09:34:43','2013-07-24 13:12:57','2020-11-16 23:00:38'),(41,80,3,'1985-07-15 00:00:00','2014-05-02 06:56:23','2015-04-11 01:13:33','2020-11-16 23:09:01'),(44,79,1,'1982-04-28 00:00:00','2020-09-30 19:31:30','2016-01-16 11:46:56','2020-11-16 23:09:01'),(44,94,1,'2017-05-08 00:00:00','2013-08-21 04:17:06','2020-10-23 00:04:12','2020-11-16 23:09:01'),(45,78,3,'2006-12-01 00:00:00','2013-07-05 04:49:51','2017-06-24 02:50:02','2020-11-16 23:00:38'),(46,11,2,'2014-01-09 00:00:00','2020-04-21 14:17:47','2015-12-31 11:25:42','2020-11-16 23:09:01'),(46,23,2,'1998-02-01 00:00:00','2011-10-03 15:59:37','2018-01-09 20:39:40','2020-11-16 23:09:01'),(47,34,3,'2015-12-02 00:00:00','2018-09-15 03:52:54','2019-06-21 08:47:12','2020-11-16 23:09:01'),(47,56,3,'1998-01-28 00:00:00','2013-03-31 18:56:19','2018-08-22 15:59:35','2020-11-16 23:09:01'),(48,20,2,'2001-06-23 00:00:00','2019-10-15 11:38:25','2019-08-03 12:30:22','2020-11-16 23:09:01'),(49,39,3,'2009-05-15 00:00:00','2012-11-18 16:07:57','2017-11-27 19:18:40','2020-11-16 23:09:01'),(50,98,2,'1981-10-17 00:00:00','2012-12-03 22:05:21','2016-11-03 09:32:34','2020-11-16 23:09:01'),(51,38,2,'1974-01-23 00:00:00','2011-04-07 13:58:40','2018-02-19 09:07:39','2020-11-16 23:09:01'),(52,22,2,'1970-07-24 00:00:00','2019-11-11 04:36:59','2013-08-27 05:45:10','2020-11-16 23:09:01'),(55,38,2,'1979-03-16 00:00:00','2014-04-11 11:33:42','2016-12-28 01:19:39','2020-11-16 23:09:01'),(56,19,1,'1993-05-12 00:00:00','2016-01-21 15:15:29','2015-06-18 01:00:18','2020-11-16 23:09:01'),(57,29,3,'2013-09-18 00:00:00','2020-06-23 07:38:48','2018-11-07 18:27:05','2020-11-16 23:09:01'),(61,99,3,'1977-08-24 00:00:00','2017-06-22 06:01:11','2014-02-09 13:34:19','2020-11-16 23:09:01'),(62,81,3,'2011-07-31 00:00:00','2015-01-03 19:14:23','2017-05-07 08:24:46','2020-11-16 23:09:01'),(63,14,1,'2018-02-06 00:00:00','2019-02-13 15:09:49','2016-10-09 22:32:54','2020-11-16 23:09:01'),(63,58,2,'2005-02-10 00:00:00','2016-09-02 05:54:05','2017-06-08 16:03:06','2020-11-16 23:09:01'),(63,76,2,'1998-06-07 00:00:00','2013-05-14 15:39:44','2018-04-12 12:39:02','2020-11-16 23:09:01'),(65,45,3,'2010-04-16 00:00:00','2017-10-30 20:31:16','2011-06-20 14:15:20','2020-11-16 23:09:01'),(66,39,1,'1997-08-17 00:00:00','2013-09-07 17:02:15','2018-12-31 08:04:15','2020-11-16 23:09:01'),(67,49,1,'1994-07-16 00:00:00','2018-12-10 06:58:54','2011-03-20 06:59:42','2020-11-16 23:09:01'),(67,94,2,'1977-10-22 00:00:00','2016-08-19 07:47:57','2017-04-28 09:07:02','2020-11-16 23:09:01'),(69,12,1,'1991-04-20 00:00:00','2019-08-17 20:25:02','2017-09-07 11:02:58','2020-11-16 23:09:01'),(69,62,2,'1981-12-16 00:00:00','2011-03-30 20:18:42','2017-02-13 14:51:26','2020-11-16 23:09:01'),(70,20,1,'2016-06-21 00:00:00','2019-04-14 03:26:03','2013-09-30 07:53:04','2020-11-16 23:00:38'),(71,23,3,'2018-03-29 00:00:00','2016-08-12 14:09:26','2018-09-17 08:37:48','2020-11-16 23:09:01'),(71,77,2,'2019-06-03 00:00:00','2016-06-12 18:06:01','2018-06-16 11:36:50','2020-11-16 23:09:01'),(72,76,3,'2008-03-22 00:00:00','2017-07-26 10:37:27','2014-06-28 17:37:14','2020-11-16 23:09:01'),(73,73,2,'1988-03-29 00:00:00','2013-07-23 21:30:15','2014-09-08 08:05:12','2020-11-16 23:09:01'),(74,31,1,'1979-09-18 00:00:00','2012-07-10 08:52:06','2017-09-11 23:43:42','2020-11-16 23:09:01'),(74,40,2,'2000-05-31 00:00:00','2010-12-17 00:41:24','2011-05-30 17:00:55','2020-11-16 23:09:01'),(76,60,2,'1971-09-25 00:00:00','2011-03-13 14:55:36','2014-02-24 08:11:53','2020-11-16 23:09:01'),(77,63,1,'1970-09-14 00:00:00','2018-01-11 20:50:41','2017-03-26 07:03:47','2020-11-16 23:00:38'),(78,18,2,'1990-01-27 00:00:00','2020-01-03 10:01:09','2012-03-30 02:53:57','2020-11-16 23:09:01'),(78,93,3,'1974-12-15 00:00:00','2015-05-31 07:42:30','2015-10-02 06:26:11','2020-11-16 23:00:38'),(80,12,1,'1972-07-03 00:00:00','2019-07-02 05:54:15','2015-12-03 09:57:18','2020-11-16 23:09:01'),(82,65,3,'1973-03-17 00:00:00','2014-09-07 12:08:37','2018-10-18 16:50:07','2020-11-16 23:09:01'),(82,69,2,'2009-03-21 00:00:00','2019-12-03 12:43:32','2014-05-03 19:25:14','2020-11-16 23:09:01'),(83,92,1,'2008-08-12 00:00:00','2016-01-29 23:59:04','2014-10-25 17:25:06','2020-11-16 23:09:01'),(85,80,1,'2015-03-24 00:00:00','2014-04-03 08:12:07','2012-07-30 14:13:50','2020-11-16 23:09:01'),(86,71,2,'2011-03-03 00:00:00','2016-03-04 08:39:45','2011-08-18 20:30:09','2020-11-16 23:09:01'),(87,15,1,'1976-06-16 00:00:00','2013-07-20 19:19:08','2015-11-22 06:41:07','2020-11-16 23:00:38'),(87,20,1,'1982-04-26 00:00:00','2014-11-12 02:14:23','2020-01-28 01:20:00','2020-11-16 23:09:01'),(90,21,3,'1993-04-22 00:00:00','2013-07-28 07:21:54','2018-03-31 23:55:45','2020-11-16 23:09:01'),(91,5,1,'1974-12-07 00:00:00','2020-08-12 02:53:59','2011-06-04 14:56:18','2020-11-16 23:00:38'),(91,15,1,'2016-02-18 00:00:00','2016-02-27 16:07:33','2020-05-16 03:35:01','2020-11-16 23:09:01'),(92,30,3,'1987-10-16 00:00:00','2014-04-30 14:20:30','2016-06-26 21:18:48','2020-11-16 23:09:01'),(93,24,1,'2017-01-03 00:00:00','2010-12-31 17:36:07','2013-03-31 11:47:55','2020-11-16 23:09:01'),(95,21,3,'2015-07-20 00:00:00','2015-03-31 17:36:10','2019-04-02 00:30:27','2020-11-16 23:09:01'),(95,62,3,'1987-12-17 00:00:00','2013-01-05 23:52:02','2013-07-13 13:05:39','2020-11-16 23:09:01'),(95,74,3,'1996-01-18 00:00:00','2018-01-16 07:33:32','2018-03-25 15:13:46','2020-11-16 23:09:01'),(97,77,2,'2000-06-29 00:00:00','2017-09-13 12:40:51','2013-02-15 05:17:52','2020-11-16 23:00:38'),(98,17,1,'2008-06-12 00:00:00','2016-09-30 07:26:39','2020-06-02 16:43:19','2020-11-16 23:09:01'),(98,82,3,'1974-09-29 00:00:00','2019-08-07 12:09:45','2018-04-20 06:54:47','2020-11-16 23:09:01'),(99,52,1,'1992-03-24 00:00:00','2014-08-15 03:43:17','2019-05-15 11:05:31','2020-11-16 23:09:01'),(99,75,3,'2019-10-08 00:00:00','2019-01-09 12:46:07','2019-04-17 07:30:21','2020-11-16 23:00:38'),(100,33,1,'2013-09-27 00:00:00','2012-03-25 17:51:45','2013-03-13 13:22:13','2020-11-16 23:00:38');
/*!40000 ALTER TABLE `friendship` ENABLE KEYS */;
UNLOCK TABLES;

--
-- Table structure for table `friendship_statuses`
--

DROP TABLE IF EXISTS `friendship_statuses`;
/*!40101 SET @saved_cs_client     = @@character_set_client */;
/*!50503 SET character_set_client = utf8mb4 */;
CREATE TABLE `friendship_statuses` (
  `id` int unsigned NOT NULL AUTO_INCREMENT COMMENT 'Идентификатор строки',
  `name` varchar(150) CHARACTER SET utf8 COLLATE utf8_unicode_ci NOT NULL COMMENT 'Название статуса',
  `created_at` datetime DEFAULT CURRENT_TIMESTAMP COMMENT 'Время создания строки',
  `updated_at` datetime DEFAULT CURRENT_TIMESTAMP ON UPDATE CURRENT_TIMESTAMP COMMENT 'Время обновления строки',
  PRIMARY KEY (`id`),
  UNIQUE KEY `name` (`name`)
) ENGINE=InnoDB AUTO_INCREMENT=9 DEFAULT CHARSET=utf8 COLLATE=utf8_unicode_ci COMMENT='Статусы дружбы';
/*!40101 SET character_set_client = @saved_cs_client */;

--
-- Dumping data for table `friendship_statuses`
--

LOCK TABLES `friendship_statuses` WRITE;
/*!40000 ALTER TABLE `friendship_statuses` DISABLE KEYS */;
INSERT INTO `friendship_statuses` VALUES (1,'quia','2015-11-23 19:36:40','2012-07-02 23:14:06'),(2,'harum','2011-05-10 11:54:40','2011-06-29 23:36:37'),(3,'perspiciatis','2016-07-16 12:14:37','2017-08-24 13:35:33'),(4,'totam','2013-01-20 00:39:26','2019-02-22 00:49:34'),(5,'rerum','2016-01-18 15:03:13','2012-05-09 21:02:14'),(6,'Requested','2020-11-16 23:07:29','2020-11-16 23:07:29'),(7,'Confirmed','2020-11-16 23:07:29','2020-11-16 23:07:29'),(8,'Rejected','2020-11-16 23:07:29','2020-11-16 23:07:29');
/*!40000 ALTER TABLE `friendship_statuses` ENABLE KEYS */;
UNLOCK TABLES;

--
-- Table structure for table `media`
--

DROP TABLE IF EXISTS `media`;
/*!40101 SET @saved_cs_client     = @@character_set_client */;
/*!50503 SET character_set_client = utf8mb4 */;
CREATE TABLE `media` (
  `id` int unsigned NOT NULL AUTO_INCREMENT COMMENT 'Идентификатор строки',
  `user_id` int unsigned NOT NULL COMMENT 'Ссылка на пользователя, который загрузил файл',
  `filename` varchar(255) CHARACTER SET utf8 COLLATE utf8_unicode_ci NOT NULL COMMENT 'Путь к файлу',
  `size` int NOT NULL COMMENT 'Размер файла',
  `metadata` longtext COLLATE utf8_unicode_ci,
  `media_type_id` int unsigned NOT NULL COMMENT 'Ссылка на тип контента',
  `created_at` datetime DEFAULT CURRENT_TIMESTAMP COMMENT 'Время создания строки',
  `updated_at` datetime DEFAULT CURRENT_TIMESTAMP ON UPDATE CURRENT_TIMESTAMP COMMENT 'Время обновления строки',
  PRIMARY KEY (`id`)
) ENGINE=InnoDB AUTO_INCREMENT=92 DEFAULT CHARSET=utf8 COLLATE=utf8_unicode_ci COMMENT='Медиафайлы';
/*!40101 SET character_set_client = @saved_cs_client */;

--
-- Dumping data for table `media`
--

LOCK TABLES `media` WRITE;
/*!40000 ALTER TABLE `media` DISABLE KEYS */;
INSERT INTO `media` VALUES (1,66,'http://dropbox.net/vk/aut.jpeg',372554,'{\"owner\":Wellington Bartoletti}',1,'2017-05-26 03:48:55','2020-11-16 22:43:31'),(2,89,'http://dropbox.net/vk/http://dropbox.net/vk/aperiam.avi.jpeg',348059425,'{\"owner\":Alvera Simonis}',2,'2014-12-31 07:02:03','2020-11-16 22:43:31'),(3,81,'http://dropbox.net/vk/quo.mp3',35186000,'{\"owner\":Rod Wehner}',3,'2017-10-30 02:58:32','2020-11-16 22:49:56'),(4,71,'http://dropbox.net/vk/http://dropbox.net/vk/quasi.jpeg.mp3',890169181,'{\"owner\":Mariah Lehner}',1,'2019-03-07 23:40:09','2020-11-16 22:49:56'),(5,44,'http://dropbox.net/vk/http://dropbox.net/vk/recusandae.mpeg4.mp4',582859793,'{\"owner\":Nya Stracke}',3,'2015-03-23 08:12:06','2020-11-16 22:49:56'),(6,50,'http://dropbox.net/vk/necessitatibus.png',945418,'{\"owner\":Assunta Hilpert}',3,'2015-05-07 11:21:44','2020-11-16 22:43:31'),(7,95,'http://dropbox.net/vk/quibusdam.avi',558148039,'{\"owner\":Kay Hodkiewicz}',2,'2016-04-18 07:24:01','2020-11-16 22:49:56'),(8,38,'http://dropbox.net/vk/ut.mkv',8374631,'{\"owner\":Marcos Schmeler}',2,'2020-06-21 23:55:56','2020-11-16 22:49:56'),(10,82,'http://dropbox.net/vk/omnis.png',348770083,'{\"owner\":Saul Gutkowski}',1,'2017-04-21 11:25:37','2020-11-16 22:49:56'),(11,71,'http://dropbox.net/vk/laboriosam.mpeg4',130029730,'{\"owner\":Mariah Lehner}',1,'2017-04-03 16:19:50','2020-11-16 22:49:56'),(12,28,'http://dropbox.net/vk/http://dropbox.net/vk/quod.mp3.png',942741123,'{\"owner\":Flavie Wilderman}',1,'2013-05-12 02:23:29','2020-11-16 22:49:56'),(13,51,'http://dropbox.net/vk/nemo.png',677735,'{\"owner\":Braden Bruen}',3,'2014-03-21 00:57:55','2020-11-16 22:49:56'),(14,54,'http://dropbox.net/vk/officiis.mkv',54116,'{\"owner\":Gerald Carroll}',1,'2017-04-16 22:59:51','2020-11-16 22:49:56'),(15,49,'http://dropbox.net/vk/http://dropbox.net/vk/ad.mpeg4.mkv',577413501,'{\"owner\":Guiseppe Bartell}',3,'2020-07-25 09:42:03','2020-11-16 22:43:31'),(16,22,'http://dropbox.net/vk/http://dropbox.net/vk/et.avi.avi',149665854,'{\"owner\":Amparo Rau}',2,'2015-02-20 07:39:34','2020-11-16 22:49:56'),(17,68,'http://dropbox.net/vk/et.avi',6563960,'{\"owner\":Albertha Lind}',2,'2013-01-02 02:32:57','2020-11-16 22:49:56'),(18,7,'http://dropbox.net/vk/http://dropbox.net/vk/quod.mp3.png',276421646,'{\"owner\":Ivah Schimmel}',3,'2015-07-10 17:10:20','2020-11-16 22:49:56'),(19,73,'http://dropbox.net/vk/http://dropbox.net/vk/et.mpeg4.mp3',886447180,'{\"owner\":Serena Bogan}',3,'2015-12-19 11:26:21','2020-11-16 22:43:31'),(20,89,'http://dropbox.net/vk/http://dropbox.net/vk/cumque.jpeg.mpeg4',311615078,'{\"owner\":Alvera Simonis}',1,'2019-07-27 03:45:03','2020-11-16 22:49:56'),(21,35,'http://dropbox.net/vk/http://dropbox.net/vk/ut.png.mp3',634931721,'{\"owner\":Gwen Renner}',3,'2019-06-14 12:52:16','2020-11-16 22:49:56'),(22,67,'http://dropbox.net/vk/http://dropbox.net/vk/odio.jpeg.mp3',610825435,'{\"owner\":Winnifred Anderson}',2,'2014-04-27 03:52:22','2020-11-16 22:49:56'),(23,52,'http://dropbox.net/vk/http://dropbox.net/vk/inventore.png.mp3',155047958,'{\"owner\":Claudie Corkery}',1,'2014-08-29 12:12:49','2020-11-16 22:49:56'),(24,47,'http://dropbox.net/vk/perferendis.mp4',2293,'{\"owner\":Shane Spencer}',2,'2015-10-04 05:00:23','2020-11-16 22:49:56'),(25,34,'http://dropbox.net/vk/http://dropbox.net/vk/ipsam.mkv.avi',387957284,'{\"owner\":Mike Schaden}',2,'2016-04-27 08:44:02','2020-11-16 22:49:56'),(26,19,'http://dropbox.net/vk/quis.mkv',55818,'{\"owner\":Hiram Swaniawski}',3,'2016-03-02 05:51:10','2020-11-16 22:49:56'),(27,56,'http://dropbox.net/vk/http://dropbox.net/vk/impedit.mp3.png',562044787,'{\"owner\":Katrine Barton}',2,'2016-04-24 23:24:16','2020-11-16 22:49:56'),(28,35,'http://dropbox.net/vk/quia.png',52439,'{\"owner\":Gwen Renner}',2,'2012-07-23 13:22:20','2020-11-16 22:43:31'),(29,37,'http://dropbox.net/vk/dignissimos.png',35881050,'{\"owner\":Shane Berge}',2,'2013-01-28 09:21:58','2020-11-16 22:49:56'),(30,15,'http://dropbox.net/vk/http://dropbox.net/vk/iste.mp4.mp4',462326425,'{\"owner\":Lexus Quigley}',1,'2018-10-11 13:55:26','2020-11-16 22:49:56'),(31,47,'http://dropbox.net/vk/repellendus.jpeg',6178506,'{\"owner\":Shane Spencer}',3,'2013-10-22 08:17:17','2020-11-16 22:49:56'),(32,45,'http://dropbox.net/vk/ullam.mp3',20496232,'{\"owner\":Claudine Abshire}',1,'2012-03-27 02:57:08','2020-11-16 22:43:31'),(33,78,'http://dropbox.net/vk/perferendis.mp3',508042458,'{\"owner\":Kaylin Dibbert}',2,'2017-11-09 20:47:59','2020-11-16 22:43:31'),(34,56,'http://dropbox.net/vk/et.mp4',24607,'{\"owner\":Katrine Barton}',2,'2019-05-13 21:17:40','2020-11-16 22:49:56'),(35,16,'http://dropbox.net/vk/http://dropbox.net/vk/quis.mp3.avi',663006202,'{\"owner\":Marlin Schultz}',3,'2017-07-07 17:41:48','2020-11-16 22:49:56'),(36,37,'http://dropbox.net/vk/expedita.mpeg4',848399298,'{\"owner\":Shane Berge}',1,'2019-05-30 19:07:34','2020-11-16 22:49:56'),(37,20,'http://dropbox.net/vk/http://dropbox.net/vk/nobis.jpeg.mp4',180185193,'{\"owner\":Rae Grimes}',3,'2019-02-13 07:21:36','2020-11-16 22:49:56'),(38,52,'http://dropbox.net/vk/http://dropbox.net/vk/sit.mpeg4.png',328323715,'{\"owner\":Claudie Corkery}',3,'2014-05-31 17:18:50','2020-11-16 22:49:56'),(39,79,'http://dropbox.net/vk/modi.jpeg',21615,'{\"owner\":Helena Prosacco}',2,'2018-11-22 00:37:49','2020-11-16 22:49:56'),(40,3,'http://dropbox.net/vk/culpa.mkv',698318,'{\"owner\":Alexanne Mayert}',3,'2018-09-21 03:05:14','2020-11-16 22:49:56'),(41,66,'http://dropbox.net/vk/porro.mpeg4',82422,'{\"owner\":Wellington Bartoletti}',3,'2017-10-06 12:37:39','2020-11-16 22:49:56'),(42,29,'http://dropbox.net/vk/http://dropbox.net/vk/error.png.avi',467422437,'{\"owner\":Griffin Jakubowski}',1,'2020-09-25 12:45:52','2020-11-16 22:43:31'),(43,7,'http://dropbox.net/vk/http://dropbox.net/vk/inventore.mkv.jpeg',822207813,'{\"owner\":Ivah Schimmel}',1,'2018-07-25 04:13:53','2020-11-16 22:49:56'),(44,76,'http://dropbox.net/vk/quidem.mp3',6627387,'{\"owner\":Clifton Block}',2,'2017-11-14 10:33:28','2020-11-16 22:49:56'),(45,61,'http://dropbox.net/vk/vero.avi',95963,'{\"owner\":Nestor Weber}',3,'2017-07-13 03:24:57','2020-11-16 22:49:56'),(46,91,'http://dropbox.net/vk/error.mkv',798019238,'{\"owner\":Maiya Koss}',3,'2013-07-23 16:58:03','2020-11-16 22:49:56'),(47,57,'http://dropbox.net/vk/http://dropbox.net/vk/et.mp3.mpeg4',864915068,'{\"owner\":Victor West}',2,'2018-08-14 15:52:03','2020-11-16 22:49:56'),(48,39,'http://dropbox.net/vk/quidem.png',20895536,'{\"owner\":Roman Smitham}',2,'2013-06-08 21:43:35','2020-11-16 22:43:31'),(49,82,'http://dropbox.net/vk/neque.mpeg4',99070,'{\"owner\":Saul Gutkowski}',1,'2020-05-01 11:08:38','2020-11-16 22:49:56'),(50,58,'http://dropbox.net/vk/non.mpeg4',19680069,'{\"owner\":Leopoldo Hermiston}',2,'2012-04-13 22:02:51','2020-11-16 22:49:56'),(51,23,'http://dropbox.net/vk/magnam.mp3',42008,'{\"owner\":Juliana Rempel}',2,'2019-09-13 14:09:01','2020-11-16 22:49:56'),(52,1,'http://dropbox.net/vk/http://dropbox.net/vk/rem.jpeg.png',665351375,'{\"owner\":Dessie Lehner}',2,'2017-04-21 05:01:26','2020-11-16 22:49:56'),(53,76,'http://dropbox.net/vk/quisquam.mp4',6960374,'{\"owner\":Clifton Block}',1,'2020-04-24 01:50:24','2020-11-16 22:49:56'),(54,75,'http://dropbox.net/vk/sit.mpeg4',30601903,'{\"owner\":Alford Kiehn}',2,'2018-01-31 01:33:50','2020-11-16 22:49:56'),(55,77,'http://dropbox.net/vk/laborum.avi',8653677,'{\"owner\":Marquis Adams}',2,'2017-10-13 01:42:26','2020-11-16 22:49:56'),(56,85,'http://dropbox.net/vk/temporibus.mkv',81635638,'{\"owner\":Chris Tremblay}',3,'2011-09-16 09:11:19','2020-11-16 22:49:56'),(57,6,'http://dropbox.net/vk/http://dropbox.net/vk/omnis.png.avi',323399028,'{\"owner\":Luciano Toy}',2,'2011-01-26 14:23:48','2020-11-16 22:49:56'),(58,60,'http://dropbox.net/vk/id.mp3',221666,'{\"owner\":London Hudson}',1,'2014-08-05 02:27:25','2020-11-16 22:49:56'),(59,68,'http://dropbox.net/vk/http://dropbox.net/vk/fugit.jpeg.mpeg4',705448606,'{\"owner\":Albertha Lind}',1,'2013-12-12 03:36:45','2020-11-16 22:49:56'),(60,45,'http://dropbox.net/vk/voluptas.mpeg4',7475915,'{\"owner\":Claudine Abshire}',3,'2020-08-28 04:37:23','2020-11-16 22:49:56'),(61,39,'http://dropbox.net/vk/voluptatem.avi',439391797,'{\"owner\":Roman Smitham}',3,'2018-04-15 04:12:01','2020-11-16 22:49:56'),(62,43,'http://dropbox.net/vk/http://dropbox.net/vk/ut.mkv.mp4',113525845,'{\"owner\":Stan Jones}',1,'2017-01-21 22:53:11','2020-11-16 22:49:56'),(63,89,'http://dropbox.net/vk/sed.mp4',21318,'{\"owner\":Alvera Simonis}',2,'2012-06-25 09:10:39','2020-11-16 22:49:56'),(64,21,'http://dropbox.net/vk/http://dropbox.net/vk/cum.avi.mp4',256876741,'{\"owner\":Ubaldo O\'Kon}',2,'2015-10-20 12:13:51','2020-11-16 22:49:56'),(65,59,'http://dropbox.net/vk/quae.mpeg4',7939,'{\"owner\":Thad Schulist}',3,'2011-11-22 12:10:52','2020-11-16 22:49:56'),(66,46,'http://dropbox.net/vk/tempore.mkv',640514,'{\"owner\":Susan Lemke}',1,'2019-06-08 07:06:40','2020-11-16 22:43:31'),(67,19,'http://dropbox.net/vk/est.avi',7831,'{\"owner\":Hiram Swaniawski}',1,'2013-05-15 17:27:50','2020-11-16 22:49:56'),(68,34,'http://dropbox.net/vk/http://dropbox.net/vk/aut.png.mpeg4',728783397,'{\"owner\":Mike Schaden}',2,'2019-10-25 03:46:40','2020-11-16 22:49:56'),(69,65,'http://dropbox.net/vk/http://dropbox.net/vk/eos.avi.jpeg',100839793,'{\"owner\":Lysanne Rowe}',2,'2011-01-15 07:04:10','2020-11-16 22:49:56'),(70,69,'http://dropbox.net/vk/http://dropbox.net/vk/dolore.mp4.mp4',711078194,'{\"owner\":Shanny Roberts}',2,'2016-05-03 14:16:43','2020-11-16 22:49:56'),(71,56,'http://dropbox.net/vk/quisquam.jpeg',873676,'{\"owner\":Katrine Barton}',3,'2020-05-20 22:10:27','2020-11-16 22:49:56'),(72,44,'http://dropbox.net/vk/http://dropbox.net/vk/in.mp3.jpeg',728064824,'{\"owner\":Nya Stracke}',3,'2017-11-24 13:12:15','2020-11-16 22:49:56'),(73,36,'http://dropbox.net/vk/quae.avi',5738702,'{\"owner\":Santos Homenick}',2,'2012-03-29 03:10:02','2020-11-16 22:49:56'),(74,76,'http://dropbox.net/vk/http://dropbox.net/vk/similique.mp3.avi',662218161,'{\"owner\":Clifton Block}',3,'2019-07-12 08:50:51','2020-11-16 22:49:56'),(75,22,'http://dropbox.net/vk/http://dropbox.net/vk/animi.avi.mp4',85924213,'{\"owner\":Amparo Rau}',3,'2017-09-07 11:35:31','2020-11-16 22:49:56'),(76,30,'http://dropbox.net/vk/eaque.mp4',12039208,'{\"owner\":Karson Kirlin}',3,'2018-08-04 00:01:01','2020-11-16 22:49:56'),(77,9,'http://dropbox.net/vk/velit.mp4',1096,'{\"owner\":Scotty Robel}',2,'2011-07-04 10:26:44','2020-11-16 22:49:56'),(78,42,'http://dropbox.net/vk/omnis.png',341538631,'{\"owner\":Abner Barrows}',3,'2014-01-09 11:54:46','2020-11-16 22:49:56'),(79,58,'http://dropbox.net/vk/accusamus.mpeg4',9784,'{\"owner\":Leopoldo Hermiston}',1,'2011-02-07 22:39:02','2020-11-16 22:43:31'),(80,85,'http://dropbox.net/vk/http://dropbox.net/vk/consequatur.mp3.png',58851638,'{\"owner\":Chris Tremblay}',1,'2012-11-09 02:29:33','2020-11-16 22:49:56'),(81,82,'http://dropbox.net/vk/laboriosam.png',92789,'{\"owner\":Saul Gutkowski}',1,'2012-09-26 17:02:00','2020-11-16 22:49:56'),(82,4,'http://dropbox.net/vk/fugiat.avi',36014,'{\"owner\":Michelle Rau}',3,'2017-05-03 22:08:09','2020-11-16 22:49:56'),(83,73,'http://dropbox.net/vk/laudantium.mkv',885672,'{\"owner\":Serena Bogan}',3,'2012-10-26 03:54:34','2020-11-16 22:49:56'),(84,72,'http://dropbox.net/vk/beatae.png',578059542,'{\"owner\":Jenifer Konopelski}',2,'2015-08-24 07:20:55','2020-11-16 22:49:56'),(85,59,'http://dropbox.net/vk/a.png',182856,'{\"owner\":Thad Schulist}',1,'2012-04-05 06:43:24','2020-11-16 22:49:56'),(86,85,'http://dropbox.net/vk/qui.png',4645,'{\"owner\":Chris Tremblay}',1,'2019-12-26 06:21:07','2020-11-16 22:49:56'),(87,42,'http://dropbox.net/vk/http://dropbox.net/vk/et.mp3.mp3',447827249,'{\"owner\":Abner Barrows}',1,'2010-11-23 20:10:54','2020-11-16 22:43:31'),(88,39,'http://dropbox.net/vk/voluptas.png',4577581,'{\"owner\":Roman Smitham}',2,'2014-12-22 17:08:31','2020-11-16 22:43:31'),(89,40,'http://dropbox.net/vk/alias.avi',14696,'{\"owner\":Wallace Luettgen}',3,'2014-07-11 16:08:18','2020-11-16 22:43:31'),(90,68,'http://dropbox.net/vk/amet.avi',2998549,'{\"owner\":Albertha Lind}',1,'2019-07-05 18:37:32','2020-11-16 22:49:56'),(91,96,'http://dropbox.net/vk/id.mp4',1953438,'{\"owner\":Dusty O\'Conner}',2,'2017-11-27 13:28:00','2020-11-16 22:49:56');
/*!40000 ALTER TABLE `media` ENABLE KEYS */;
UNLOCK TABLES;

--
-- Table structure for table `media_types`
--

DROP TABLE IF EXISTS `media_types`;
/*!40101 SET @saved_cs_client     = @@character_set_client */;
/*!50503 SET character_set_client = utf8mb4 */;
CREATE TABLE `media_types` (
  `id` int unsigned NOT NULL AUTO_INCREMENT COMMENT 'Идентификатор строки',
  `name` varchar(255) CHARACTER SET utf8 COLLATE utf8_unicode_ci NOT NULL COMMENT 'Название типа',
  `created_at` datetime DEFAULT CURRENT_TIMESTAMP COMMENT 'Время создания строки',
  `updated_at` datetime DEFAULT CURRENT_TIMESTAMP ON UPDATE CURRENT_TIMESTAMP COMMENT 'Время обновления строки',
  PRIMARY KEY (`id`),
  UNIQUE KEY `name` (`name`)
) ENGINE=InnoDB AUTO_INCREMENT=4 DEFAULT CHARSET=utf8 COLLATE=utf8_unicode_ci COMMENT='Типы медиафайлов';
/*!40101 SET character_set_client = @saved_cs_client */;

--
-- Dumping data for table `media_types`
--

LOCK TABLES `media_types` WRITE;
/*!40000 ALTER TABLE `media_types` DISABLE KEYS */;
INSERT INTO `media_types` VALUES (1,'photo','2020-11-16 22:48:15','2020-11-16 22:48:15'),(2,'audio','2020-11-16 22:48:15','2020-11-16 22:48:15'),(3,'video','2020-11-16 22:48:15','2020-11-16 22:48:15');
/*!40000 ALTER TABLE `media_types` ENABLE KEYS */;
UNLOCK TABLES;

--
-- Table structure for table `messages`
--

DROP TABLE IF EXISTS `messages`;
/*!40101 SET @saved_cs_client     = @@character_set_client */;
/*!50503 SET character_set_client = utf8mb4 */;
CREATE TABLE `messages` (
  `id` int unsigned NOT NULL AUTO_INCREMENT COMMENT 'Идентификатор строки',
  `from_user_id` int unsigned NOT NULL COMMENT 'Ссылка на отправителя сообщения',
  `to_user_id` int unsigned NOT NULL COMMENT 'Ссылка на получателя сообщения',
  `body` text CHARACTER SET utf8 COLLATE utf8_unicode_ci NOT NULL COMMENT 'Текст сообщения',
  `media_id` int DEFAULT NULL,
  `is_important` tinyint(1) DEFAULT NULL COMMENT 'Признак важности',
  `is_delivered` tinyint(1) DEFAULT NULL COMMENT 'Признак доставки',
  `created_at` datetime DEFAULT CURRENT_TIMESTAMP COMMENT 'Время создания строки',
  PRIMARY KEY (`id`)
) ENGINE=InnoDB AUTO_INCREMENT=101 DEFAULT CHARSET=utf8 COLLATE=utf8_unicode_ci COMMENT='Сообщения';
/*!40101 SET character_set_client = @saved_cs_client */;

--
-- Dumping data for table `messages`
--

LOCK TABLES `messages` WRITE;
/*!40000 ALTER TABLE `messages` DISABLE KEYS */;
INSERT INTO `messages` VALUES (1,50,20,'Laboriosam nemo non ipsum qui ipsum odio. At mollitia et totam dolorum ratione occaecati cupiditate beatae. Similique sint aut mollitia accusantium quos veniam.',45,1,1,'2013-04-30 21:33:23'),(2,86,82,'Cumque dolores architecto sint in non rerum laudantium. Quia at amet ipsum distinctio nostrum. Voluptatem magni labore ut nemo fuga.',45,0,0,'2015-11-01 19:01:30'),(3,4,72,'Aut iste aut molestias nobis. Maxime ut ipsa neque in nisi dolore. Iusto omnis voluptas provident provident est. Et et eum quo voluptatum at occaecati ab.',41,1,1,'2016-09-14 12:27:12'),(4,8,5,'Omnis eveniet quia est consectetur. Maxime ipsam vitae molestiae ratione enim.\nFuga minima quo tempore temporibus. Repudiandae eius recusandae perspiciatis atque aliquid. Aut odit quia consequatur.',3,0,0,'2016-09-08 10:43:41'),(5,97,76,'Sunt veniam consequatur sapiente dignissimos expedita provident. Id natus et quidem nemo. Enim nihil minima vero ut aut. Ad amet similique et dicta nihil.',80,1,1,'2015-08-25 03:31:03'),(6,13,1,'Aut qui eum ut aut. Consequuntur quas quae et explicabo aliquam atque.',58,1,1,'2019-11-19 13:08:36'),(7,16,87,'Aut quas autem id nihil totam. Voluptatem ipsa repellat culpa voluptatem sit aut eum. Ut perspiciatis optio consectetur culpa.',78,1,1,'2011-06-14 21:30:39'),(8,67,78,'Et ut magnam non ducimus aut ratione minus. Sit ut libero quidem dolore fugiat in. Consequatur voluptatem consequatur autem omnis dolor eum vitae est. Magni non sed dolor explicabo iusto tenetur.',81,0,0,'2014-03-02 21:05:54'),(9,11,87,'Incidunt quod ad quas velit labore. Deserunt iste vero consequuntur non iste quasi. Sed quidem sed qui et rerum. Est commodi perferendis totam dolor sint voluptatem.',1,0,0,'2012-01-18 15:27:44'),(10,46,23,'Repudiandae optio quis repellendus. Est vero sed quod sint. Minima dolores temporibus error omnis hic.',73,0,1,'2020-05-05 13:03:51'),(11,28,98,'Aut facilis aut dolorem. Sapiente quo consequatur sit ut laboriosam. Quia a ex harum accusantium iusto. Facilis recusandae saepe cum est et sapiente veritatis.',8,0,0,'2014-04-02 13:42:52'),(12,46,5,'Libero et tenetur quod mollitia eum soluta et qui. Sit voluptatum ut officiis nostrum error dicta. Blanditiis nulla quis dolor perspiciatis. Et et excepturi quaerat corporis.',80,0,1,'2013-10-10 23:57:24'),(13,24,53,'Rerum odio maiores earum illo magnam sit in. Vitae ipsam sequi numquam. Quidem facilis dolorum veritatis provident porro quo sunt.',87,1,0,'2019-10-22 19:43:56'),(14,16,94,'Natus suscipit inventore occaecati quo. Est rerum aliquid fugiat iusto sed molestiae at. Esse et itaque aspernatur eum.',19,0,0,'2011-05-03 01:06:20'),(15,21,44,'Soluta excepturi assumenda qui. Maxime quo illo praesentium aspernatur. Saepe voluptatem dicta voluptate molestiae consectetur error.',49,0,0,'2011-12-08 07:01:27'),(16,40,34,'Quae exercitationem qui et labore totam. Repellendus eos rerum eius id ducimus. Nostrum eveniet qui voluptates totam ex aut odio. Repellat explicabo culpa consequatur et.',48,0,1,'2019-01-19 01:45:57'),(17,62,51,'Nihil qui incidunt nostrum ab ut nulla non. Aut cumque maxime aperiam. Aut consectetur beatae commodi est nesciunt. Modi et at et omnis enim eligendi.',62,0,0,'2016-09-12 01:13:35'),(18,87,29,'Rerum et velit omnis unde. Ea dolorem illo fugit qui. Est possimus quia ullam pariatur dolores et voluptatem id.',78,1,0,'2018-03-05 02:03:01'),(19,41,46,'Corrupti fuga minus vero provident. Asperiores est dolor iste libero ipsam eaque laboriosam. Voluptas ea ut culpa laborum.',6,0,0,'2019-10-28 23:24:14'),(20,92,43,'Temporibus aut recusandae dolore facere officia blanditiis ea. Saepe nesciunt et molestiae error maiores. Sunt odit temporibus qui aut est id.',33,0,0,'2011-05-03 22:32:56'),(21,53,58,'Beatae omnis optio est error consequuntur. Aut et et autem non exercitationem hic. In odit facilis eum. Est iste dicta ut rerum iure blanditiis.',24,1,0,'2014-03-02 16:14:16'),(22,60,21,'Quo minus eum rem odit eligendi expedita magnam. Exercitationem repellat id distinctio saepe qui fuga velit.',22,1,0,'2019-11-23 15:33:37'),(23,58,15,'Nisi ut asperiores provident. Vel qui error sequi impedit cumque. Perferendis odit in quo molestiae id.',2,1,0,'2013-07-13 15:41:42'),(24,66,21,'Necessitatibus nisi ipsa natus vitae autem enim. Explicabo cumque natus ut omnis esse. Voluptatem impedit et repellat exercitationem maiores. Eos natus atque earum deserunt.',6,0,1,'2019-04-16 12:49:14'),(25,69,26,'Vel rerum nobis non vel. Aut totam omnis esse qui vel quia. Et aliquid consequatur ab aliquam suscipit iure perspiciatis.',20,0,0,'2014-03-25 15:50:16'),(26,29,80,'Optio voluptates mollitia iure quos tempore omnis laborum dolore. Ad dolores perspiciatis enim quidem. Molestias quibusdam repellat nulla laudantium ea dolores error omnis.',11,1,0,'2014-05-28 14:44:46'),(27,19,61,'Voluptas qui facilis cumque reprehenderit rerum sint. Voluptatum sed similique placeat sed. Praesentium natus ea eum quo. Ipsam officiis qui ut error sapiente sequi.',41,1,0,'2013-04-20 07:04:43'),(28,43,79,'Doloribus consequatur corrupti culpa eum. Aut ab consequatur atque cum consequatur possimus est commodi. Voluptatum et asperiores nesciunt quo explicabo consequatur eum.',60,1,0,'2011-03-30 10:15:37'),(29,89,50,'Consequatur iusto dolore aut nemo et. Eveniet qui aut distinctio corrupti quia. Laboriosam doloribus magni dolorem qui quia.',76,1,1,'2011-07-03 21:24:51'),(30,65,74,'Esse beatae ducimus cum. Non sint omnis quia molestiae sit. Rerum unde voluptates fuga et id pariatur.',68,1,1,'2017-05-06 11:26:00'),(31,50,27,'Iusto quibusdam dolor tempora natus. Rerum error et quae autem ipsum ut. Laborum et neque quia. Aut veritatis perspiciatis qui ut dolorum tempora nobis.',76,0,1,'2011-11-24 13:09:07'),(32,37,33,'Amet omnis quaerat ut ut. Fugit eos laborum aut delectus voluptas eaque magnam.',51,1,0,'2013-12-28 09:41:58'),(33,77,17,'Aut dolores error et et. Qui nam quisquam reiciendis velit ipsa. Ut ab vel totam aperiam.',48,1,1,'2011-11-25 06:02:11'),(34,13,6,'Expedita omnis quisquam ad commodi sint saepe iste voluptatem. Earum numquam enim sint ut. Voluptatem voluptatum adipisci sed quo non voluptatem nemo voluptatibus.',81,0,1,'2018-09-13 06:40:48'),(35,30,80,'Explicabo ab quis quisquam et aut natus. Facilis molestiae sit ut explicabo veniam. Quod tempore laborum dolore et. Quia unde et culpa quia doloribus qui magnam laudantium.',10,0,1,'2019-02-07 18:00:28'),(36,14,38,'Accusantium tempore repellat cum ratione. Eos pariatur et et voluptatem. Vitae deleniti et et. Consequuntur ad nemo aut sed et tenetur.',41,1,0,'2018-11-26 23:05:44'),(37,12,26,'Incidunt modi sit rem ut natus et perferendis. Laudantium nisi deserunt occaecati iure tempora iure. Voluptatem sunt labore vel nesciunt maiores.',82,0,0,'2018-11-12 18:32:20'),(38,75,2,'Sunt rerum temporibus natus dolorum totam ut a nihil. Sit voluptatibus similique deleniti quidem. Itaque omnis quia pariatur et voluptatem. Dolorum exercitationem animi rem sit ad accusamus.',79,0,1,'2019-12-08 21:02:25'),(39,27,72,'Exercitationem dolor qui vero qui labore soluta. Rem voluptatem ullam voluptatem molestiae quidem. Cum et beatae magni praesentium nihil. Ullam sint officiis quo quos ab ut a libero.',72,0,1,'2018-08-07 16:54:55'),(40,81,68,'Et eos autem qui illo ipsam consequatur. Ipsum dolor tenetur aut aut. Est aliquam odit consectetur aut quia.',87,0,0,'2014-11-06 08:27:58'),(41,72,74,'Aliquam dolores cum recusandae aperiam. Temporibus aspernatur ad aut architecto rerum tenetur. Quidem nam quibusdam ipsam nemo a illum.',49,1,1,'2018-01-01 22:29:03'),(42,46,68,'Fugiat quia optio aperiam ipsam ratione. A ad autem doloribus enim. Nulla temporibus sint minus eos omnis. Rerum aut praesentium similique iusto quas.',91,0,0,'2011-10-15 20:46:28'),(43,98,89,'Totam aut autem vero provident. Ut et perspiciatis dolorem quo minima laborum ut laboriosam.',46,0,1,'2018-12-14 16:18:53'),(44,85,72,'Assumenda aut consectetur repellat quis. Eum labore illum dolorem consequuntur. Id totam in et libero quos cupiditate voluptate.',4,1,0,'2016-10-07 23:23:41'),(45,8,23,'Consequatur iste enim quo at et. Nobis sed consequatur veniam. Soluta voluptates numquam nihil.',85,0,1,'2012-05-18 19:12:35'),(46,98,9,'Omnis fuga eligendi est quia. Molestiae molestiae omnis sit voluptas qui.',47,0,0,'2017-02-10 07:46:28'),(47,27,81,'Quisquam est saepe commodi ipsa. Quam quia eos asperiores qui. Earum optio inventore iste expedita possimus ipsa. Ratione aut odit aperiam voluptas facilis impedit deleniti.',23,0,0,'2016-02-29 14:04:37'),(48,80,25,'Quis provident voluptatibus quo ab sed. Et velit distinctio reiciendis consequatur et repellat. Autem qui sint et ut.',76,0,0,'2013-03-14 04:28:33'),(49,44,68,'Optio est aliquid voluptatem consequatur necessitatibus assumenda. Id impedit voluptates corrupti. Aspernatur tempora qui assumenda optio.',8,0,0,'2011-10-30 11:53:21'),(50,36,56,'A eos quibusdam est eveniet tempora. Modi veritatis perspiciatis est necessitatibus deserunt. Illum dignissimos ratione magni facere eos debitis delectus.',64,0,1,'2016-09-19 02:03:52'),(51,85,13,'Rerum eaque quidem sed odio aut ut. Est optio est officiis odit commodi vitae accusamus.',7,0,1,'2019-08-30 15:46:37'),(52,2,83,'Nemo qui quos est eum ducimus nihil. Inventore aliquid neque sed voluptatem officiis suscipit et. Ab inventore odio sit eaque error totam fuga autem.',8,1,1,'2011-04-01 06:47:36'),(53,97,57,'Quo et qui dolorum voluptatem ut. Reprehenderit est similique porro totam. Impedit eos optio error. Eveniet harum eligendi non quod nihil impedit. Laborum commodi veritatis corrupti tenetur pariatur.',84,0,1,'2011-07-17 05:48:12'),(54,92,84,'Impedit qui doloremque qui in. Dolorum eaque reprehenderit praesentium nisi. Ut aliquid quia quas sunt est voluptatem.',36,0,1,'2020-09-29 19:53:49'),(55,49,23,'Nemo porro cum hic explicabo aut. Ullam ipsum est sint.',62,0,0,'2017-09-25 07:54:07'),(56,73,57,'Illo ea labore ducimus porro quo. In molestiae iusto alias labore et. Rerum est voluptatum est recusandae ipsam nesciunt.',60,1,0,'2017-05-22 18:21:10'),(57,61,5,'Voluptatem molestias qui eaque tempora assumenda nihil. Maxime et rerum ipsa eius quae ut a aliquid.',37,1,1,'2016-08-24 18:28:14'),(58,90,28,'Consequatur et accusamus aut ut. Quod quis tempore ut. Ea enim maxime doloribus non. Dolorum sequi doloribus dolor delectus ipsam libero.',61,1,1,'2013-10-18 05:16:00'),(59,50,48,'Et esse reiciendis quod rerum odit. Harum magni doloribus quis eligendi. Sit tempora consectetur sit odit eveniet. Dolorem ipsa assumenda quibusdam qui quia beatae et.',83,1,1,'2012-04-27 00:53:08'),(60,9,72,'Enim ut culpa distinctio dolore. Quia voluptatem deleniti odio nihil qui illum et. Porro culpa ut odit rem id ut eligendi.',30,1,0,'2015-11-30 14:29:34'),(61,47,35,'Vel sunt quis accusamus eum. Alias similique consequatur qui totam aspernatur vel ullam. At sequi asperiores aut dolores quo. Quaerat quo consequatur sapiente doloribus.',32,0,1,'2012-11-11 02:01:08'),(62,67,33,'Facere consequatur ipsum aut ad maxime veritatis. Eos consequatur magni quod voluptatem.',57,1,1,'2012-11-27 22:25:28'),(63,13,77,'Dolorem modi quis quo optio delectus dicta alias. Voluptas nam at aliquam id inventore quo magni. Quo eligendi magni temporibus rerum quidem.',39,1,1,'2019-04-21 21:27:43'),(64,86,2,'Perspiciatis ducimus tempora nisi. Praesentium fugiat eos dicta cupiditate nihil. Corporis expedita ad excepturi placeat sunt cumque.',46,1,1,'2014-05-18 02:16:23'),(65,43,67,'Rerum aspernatur atque aut. Laudantium quo delectus omnis autem quia aut. Iste doloremque qui architecto cupiditate quia blanditiis magnam soluta. Aut facilis assumenda modi similique impedit.',2,1,1,'2011-05-17 15:20:59'),(66,11,48,'Hic repellendus ab illum tempora quisquam. Sint quae amet officiis voluptas. Corporis consectetur maiores qui earum magnam. Officiis ipsa id ut quod.',7,0,1,'2017-12-19 21:21:59'),(67,94,46,'Dolores laborum tempore rerum ut rem. Pariatur quia eum voluptas id. Vel nihil sed quis error itaque eos.',42,0,0,'2012-03-11 13:02:51'),(68,94,30,'Ut deleniti aut aut officiis eos qui neque. Quam qui beatae provident doloribus temporibus ut aut. Consequatur quibusdam et voluptatem necessitatibus omnis rerum ducimus consectetur.',62,0,1,'2019-11-04 20:18:48'),(69,49,42,'Occaecati velit autem nisi dicta repellat eum ea. Aut perspiciatis sed reiciendis sit vel non eum. In quia laboriosam maiores rerum quia.',57,1,0,'2018-11-08 19:16:14'),(70,84,34,'Accusamus ut hic cupiditate voluptatem error eos. Repellendus dolorem debitis vel qui occaecati. Reprehenderit commodi fugiat expedita et sint dolorem.',16,1,1,'2011-01-16 16:38:02'),(71,86,77,'Facere sit odio at et exercitationem facilis. Debitis dolorem natus odit fugit. Voluptatem magnam rerum quam aut rerum.',25,0,0,'2015-01-14 11:19:16'),(72,3,33,'Nihil voluptate veritatis iure facilis quia. Dolorum et sapiente aut quam. Corrupti libero iure sunt natus. Suscipit doloremque neque aut veritatis qui.',49,0,1,'2014-09-19 01:47:45'),(73,73,2,'Eum reprehenderit eum qui voluptates ea fuga. Itaque enim ab et doloribus tempore similique. Aut dolorem non ea est quasi doloribus explicabo. Pariatur nihil ut fugiat quibusdam voluptas earum.',81,1,0,'2013-03-12 11:33:54'),(74,41,35,'Sint ad possimus vel laboriosam qui. Id et praesentium expedita quis suscipit est.',48,0,1,'2013-01-04 00:29:07'),(75,60,40,'Inventore vero adipisci provident sequi sapiente facilis. Quo repellat aut eaque et harum non eum. Voluptatum quam voluptatum quasi ratione ipsa. Consectetur laboriosam nihil sed molestias ea et.',19,1,1,'2016-01-28 17:00:53'),(76,84,57,'Beatae quia et ut esse id non. Iure distinctio rerum aut. Iusto asperiores maiores eveniet.',28,0,0,'2012-04-16 06:36:33'),(77,84,28,'Ipsum voluptas cumque at voluptates quia. Dolore sapiente minus id tenetur. Voluptatem qui autem assumenda quia facere.',80,1,0,'2012-09-16 23:23:35'),(78,55,11,'Ipsum placeat perspiciatis voluptate maxime sed recusandae impedit. In iure vero quaerat est.',83,1,0,'2016-02-11 21:23:00'),(79,20,27,'Repellendus quo et reprehenderit est eum voluptate. Voluptatem in qui est ab esse molestias aut. Molestias nulla cumque saepe deleniti nulla est expedita eos. Nulla dolor quis ab qui facere.',66,0,1,'2013-07-28 17:58:58'),(80,83,96,'Sint praesentium eius eveniet nam unde doloremque vel. Aspernatur ullam facilis inventore esse iusto occaecati consequatur fuga. Iure qui veritatis enim molestias.',29,0,1,'2013-08-30 05:56:12'),(81,68,44,'Voluptatem aspernatur dolores rerum autem. Ea maiores et non omnis molestiae. Molestias ullam quae totam asperiores. Velit quia exercitationem nulla minus blanditiis quia.',14,1,0,'2014-02-23 17:58:31'),(82,45,77,'Aliquid accusamus neque ut est. Nam ratione quibusdam incidunt error. Et corrupti possimus quia minima autem recusandae voluptas. Impedit quibusdam doloribus tenetur sit qui corrupti quos.',47,0,1,'2019-04-23 07:18:04'),(83,27,79,'Iure nobis officia blanditiis nobis molestiae quos voluptas. Tenetur qui dolores et dolore amet ea et. Suscipit atque necessitatibus ut quo enim earum tenetur.',13,1,1,'2013-11-07 04:24:51'),(84,32,18,'Autem id voluptatem voluptas aperiam est numquam minus. Autem nam quia et consequatur. Est pariatur ut et et. Consequatur quia recusandae praesentium ut quam eos est. Aut sint ut consectetur.',83,0,0,'2017-04-01 06:26:06'),(85,4,47,'Fugit dolore esse unde non earum et. Et sunt adipisci asperiores adipisci eveniet eveniet. Rerum voluptates voluptatum non ea doloribus quia beatae.',17,0,1,'2013-05-03 06:35:14'),(86,56,20,'Qui ut distinctio tempore qui omnis harum et. Aperiam ab nesciunt laborum. Provident est corrupti harum aut omnis.',29,1,1,'2017-01-14 15:59:36'),(87,100,3,'Voluptate aut voluptatum necessitatibus sint. Vel cupiditate eos similique iure veniam temporibus inventore. Aperiam deserunt et nobis fuga dolores.',13,0,1,'2015-01-26 12:55:26'),(88,63,73,'Enim modi facilis sapiente accusantium ad quis tempore. Accusamus consequatur iusto quidem doloremque. Eaque sunt velit sed quidem.',67,0,1,'2012-06-29 09:44:21'),(89,47,14,'Omnis sint nesciunt dolor quis. Dolorem odit accusamus tempore possimus. Eos et vel deserunt autem sequi at fuga.',26,0,1,'2015-03-05 07:23:28'),(90,1,17,'Alias voluptas et amet aut occaecati laudantium eligendi. Maiores architecto praesentium odit quibusdam voluptatem placeat. Harum aut esse ullam quas similique consectetur ullam.',73,1,0,'2013-08-15 16:06:23'),(91,53,23,'Quod omnis cumque minus natus quis mollitia reiciendis. Voluptatem sunt autem possimus saepe est sint cumque. Unde et et in vel animi porro.',52,1,1,'2018-10-31 05:08:50'),(92,15,3,'Nihil autem iste vitae corrupti. Inventore ipsum reprehenderit illum perferendis hic deleniti ut. Iusto et corporis sed.',65,1,0,'2017-07-19 15:14:03'),(93,45,9,'Nostrum id nobis minima quos a non quam. Et quaerat quidem quia non odit. Facere reiciendis neque quidem aspernatur quos omnis.',10,1,1,'2011-11-22 07:20:26'),(94,28,7,'Molestiae explicabo natus et quae minus voluptatem molestiae. Molestiae sed ad blanditiis. Nemo voluptas aut laborum et a et. Officiis blanditiis quasi pariatur ipsa quis voluptatibus.',46,0,0,'2015-02-12 09:44:07'),(95,28,91,'Est et aut eum voluptatem. Fugiat est voluptas voluptate et architecto provident vitae. Magni modi ut magnam.',63,1,1,'2014-07-17 17:58:06'),(96,71,48,'Aut in et nesciunt ab perspiciatis. Sit sit hic et. Eaque cupiditate libero aut ipsum.',23,0,0,'2019-07-18 09:58:28'),(97,81,28,'Quibusdam nesciunt sed laborum. Odit pariatur molestiae velit quasi placeat eius voluptatum distinctio. Veniam iste recusandae aut.',91,1,1,'2013-01-16 22:00:00'),(98,13,67,'Cumque explicabo est et quos tenetur debitis quas. Nemo voluptas dignissimos debitis harum ipsam rerum eos veniam. Et ab maxime neque dolor placeat. Earum similique ad quibusdam esse.',85,0,1,'2013-03-20 14:48:31'),(99,68,57,'Omnis veniam dicta rerum voluptatem. Odit sint eius et molestiae enim quia. Dolorem quia eum autem est. Sed itaque qui atque est nam veniam necessitatibus.',75,1,0,'2013-11-10 19:19:50'),(100,38,42,'Beatae labore sunt culpa odio labore nisi expedita. Fugiat et quasi corporis impedit eos aperiam. Omnis magnam dolorem labore quia officia. Quo non illum placeat reprehenderit.',87,0,0,'2016-12-23 04:43:52');
/*!40000 ALTER TABLE `messages` ENABLE KEYS */;
UNLOCK TABLES;

--
-- Table structure for table `profiles`
--

DROP TABLE IF EXISTS `profiles`;
/*!40101 SET @saved_cs_client     = @@character_set_client */;
/*!50503 SET character_set_client = utf8mb4 */;
CREATE TABLE `profiles` (
  `user_id` int unsigned NOT NULL COMMENT 'Ссылка на пользователя',
  `gender` char(1) CHARACTER SET utf8 COLLATE utf8_unicode_ci NOT NULL COMMENT 'Пол',
  `birthday` date DEFAULT NULL COMMENT 'Дата рождения',
  `city` varchar(130) CHARACTER SET utf8 COLLATE utf8_unicode_ci DEFAULT NULL COMMENT 'Город проживания',
  `country` varchar(130) CHARACTER SET utf8 COLLATE utf8_unicode_ci DEFAULT NULL COMMENT 'Страна проживания',
  `created_at` datetime DEFAULT CURRENT_TIMESTAMP COMMENT 'Время создания строки',
  `updated_at` datetime DEFAULT CURRENT_TIMESTAMP ON UPDATE CURRENT_TIMESTAMP COMMENT 'Время обновления строки',
  PRIMARY KEY (`user_id`)
) ENGINE=InnoDB DEFAULT CHARSET=utf8 COLLATE=utf8_unicode_ci COMMENT='Профили';
/*!40101 SET character_set_client = @saved_cs_client */;

--
-- Dumping data for table `profiles`
--

LOCK TABLES `profiles` WRITE;
/*!40000 ALTER TABLE `profiles` DISABLE KEYS */;
INSERT INTO `profiles` VALUES (1,'F','1999-08-06','Lake Adrianna','Sierra Leone','2018-09-05 11:20:46','2020-11-16 21:56:13'),(2,'M','2014-03-23','Waylonfurt','Faroe Islands','2017-06-08 19:51:13','2020-11-16 21:56:13'),(3,'M','2007-07-06','New Lilyanfort','Brazil','2013-06-25 10:59:37','2020-11-16 21:56:13'),(4,'F','1989-09-11','Homenickview','American Samoa','2015-03-01 20:03:24','2020-11-16 21:56:13'),(5,'F','2009-05-08','Rempelchester','Lebanon','2018-09-26 18:24:28','2020-11-16 21:56:13'),(6,'F','1980-01-14','West Kayleeport','Nicaragua','2019-04-04 00:01:35','2020-11-16 21:56:13'),(7,'M','1977-05-28','East Philipmouth','Saint Vincent and the Grenadines','2020-03-19 08:03:58','2020-11-16 21:56:13'),(8,'F','2004-08-24','South Hilda','Saint Pierre and Miquelon','2012-03-07 15:34:55','2020-11-16 21:56:13'),(9,'F','2013-07-09','South Beulah','Bouvet Island (Bouvetoya)','2020-08-31 08:26:26','2020-11-16 21:56:13'),(10,'M','2018-05-26','Thompsonville','Bahamas','2013-06-02 04:06:19','2020-11-16 21:56:13'),(11,'F','1991-11-24','West Braedenmouth','Netherlands','2017-04-15 18:54:13','2020-11-16 21:56:13'),(12,'M','2018-11-29','Wendyberg','Portugal','2014-03-18 14:50:37','2020-11-16 21:56:13'),(13,'M','1976-02-04','Port Maxine','Qatar','2015-01-13 00:46:51','2020-11-16 21:56:13'),(14,'F','2020-08-16','Port Jonathanmouth','British Virgin Islands','2020-07-09 11:09:47','2020-11-16 21:56:13'),(15,'M','1983-04-19','Kutchburgh','Brazil','2020-07-30 18:28:49','2020-11-16 21:56:13'),(16,'F','1974-04-18','North Donavontown','Swaziland','2013-07-22 09:00:38','2020-11-16 21:56:13'),(17,'M','1990-11-20','North Alvisport','Netherlands Antilles','2011-06-24 03:31:32','2020-11-16 21:56:13'),(18,'F','1971-05-29','West Lauratown','Finland','2013-09-30 09:55:03','2020-11-16 21:56:13'),(19,'F','2019-06-08','New Lennie','Lao People\'s Democratic Republic','2017-11-12 11:15:11','2020-11-16 21:56:13'),(20,'F','1971-11-09','West Karleeburgh','Russian Federation','2019-01-12 00:27:48','2020-11-16 21:56:13'),(21,'M','1978-10-06','Mayertmouth','Angola','2018-03-08 08:01:50','2020-11-16 21:56:13'),(22,'M','1981-12-28','Gwenbury','Northern Mariana Islands','2012-01-08 08:05:37','2020-11-16 21:56:13'),(23,'F','1991-01-10','South Myrna','Tuvalu','2019-11-02 03:37:04','2020-11-16 21:56:13'),(24,'M','2005-09-19','North Emily','Palau','2018-08-17 22:23:48','2020-11-16 21:56:13'),(25,'M','2015-02-13','West Orlandofort','Cayman Islands','2015-06-09 04:23:15','2020-11-16 21:56:13'),(26,'M','1983-05-20','Lake Corine','Norfolk Island','2017-02-15 15:52:16','2020-11-16 21:56:13'),(27,'F','1972-09-10','Schinnerton','Malawi','2020-05-10 23:11:32','2020-11-16 21:56:13'),(28,'F','1980-05-01','East Ashleighstad','Grenada','2018-05-22 05:32:52','2020-11-16 21:56:13'),(29,'F','1975-10-26','Nikolausburgh','Egypt','2012-11-16 17:37:46','2020-11-16 21:56:13'),(30,'F','2005-11-18','Lexieville','Togo','2015-01-28 12:53:06','2020-11-16 21:56:13'),(31,'M','1990-09-30','Port Neilbury','Trinidad and Tobago','2019-03-28 14:41:54','2020-11-16 21:56:13'),(32,'M','2001-02-26','South Dayneport','Iceland','2019-02-06 05:16:57','2020-11-16 21:56:13'),(33,'F','1976-01-21','Eduardoside','Bermuda','2020-04-13 00:16:48','2020-11-16 21:56:13'),(34,'F','1997-10-19','West Oniebury','Isle of Man','2020-02-16 04:52:15','2020-11-16 21:56:13'),(35,'F','1973-11-29','Port Pinkieside','Dominica','2019-09-16 14:26:12','2020-11-16 21:56:13'),(36,'M','1987-08-13','Jedidiahport','Somalia','2012-06-20 11:31:05','2020-11-16 21:56:13'),(37,'M','1982-01-12','Ullrichfort','Israel','2019-02-28 23:31:56','2020-11-16 21:56:13'),(38,'M','1977-07-16','North Julioland','Nicaragua','2013-10-08 00:13:13','2020-11-16 21:56:13'),(39,'M','1985-08-11','Julieside','Greenland','2011-06-17 06:38:53','2020-11-16 21:56:13'),(40,'M','1976-03-16','Port Stuarthaven','El Salvador','2018-12-13 11:59:23','2020-11-16 21:56:13'),(41,'M','2001-04-12','South Luisa','Tokelau','2012-09-17 00:51:13','2020-11-16 21:56:13'),(42,'M','2001-10-03','New Kendrickmouth','Norway','2016-08-05 21:06:33','2020-11-16 21:56:13'),(43,'M','1977-04-01','Port Cleorahaven','Samoa','2020-04-06 02:03:19','2020-11-16 21:56:13'),(44,'M','1993-02-19','West Arthurbury','Romania','2016-01-19 05:32:43','2020-11-16 21:56:13'),(45,'M','1970-07-24','New Cecelia','Martinique','2014-02-28 02:52:30','2020-11-16 21:56:13'),(46,'F','2004-06-21','Port Nathanial','Denmark','2013-09-15 14:32:42','2020-11-16 21:56:13'),(47,'M','2003-08-04','Port Trey','Lesotho','2015-05-25 09:26:04','2020-11-16 21:56:13'),(48,'M','2009-05-20','New Ernestine','Sudan','2019-09-07 04:39:11','2020-11-16 21:56:13'),(49,'F','1990-05-02','South Casimirbury','Bahamas','2020-04-26 17:16:41','2020-11-16 21:56:13'),(50,'M','1980-03-26','East Daniellechester','Italy','2020-07-05 04:17:18','2020-11-16 21:56:13'),(51,'M','2001-06-19','Lilytown','Japan','2017-10-25 07:30:42','2020-11-16 21:56:13'),(52,'M','1979-02-18','Port Lenora','Maldives','2014-01-29 05:19:12','2020-11-16 21:56:13'),(53,'M','1993-10-16','Michaelachester','Nigeria','2019-08-14 10:24:31','2020-11-16 21:56:13'),(54,'M','2005-10-08','Lubowitzmouth','Aruba','2016-06-23 18:36:32','2020-11-16 21:56:13'),(55,'F','2009-01-28','Emileside','Kuwait','2013-11-02 05:13:51','2020-11-16 21:56:13'),(56,'F','1998-04-08','McCulloughtown','Nepal','2018-11-27 20:52:41','2020-11-16 21:56:13'),(57,'M','2002-03-12','Lake Concepcion','Guatemala','2012-10-07 20:36:27','2020-11-16 21:56:13'),(58,'F','1970-04-22','New Kavonborough','Albania','2019-08-21 15:17:01','2020-11-16 21:56:13'),(59,'F','2018-10-27','Emelymouth','Cocos (Keeling) Islands','2020-08-06 05:28:58','2020-11-16 21:56:13'),(60,'M','1982-04-27','Lucybury','Netherlands','2012-11-17 04:27:56','2020-11-16 21:56:13'),(61,'F','2015-11-22','Weimannstad','Oman','2019-01-28 23:58:11','2020-11-16 21:56:13'),(62,'M','1975-09-15','North Arely','Falkland Islands (Malvinas)','2014-02-06 23:05:52','2020-11-16 21:56:13'),(63,'M','2017-11-03','South Hubertview','Cayman Islands','2020-04-02 06:04:49','2020-11-16 21:56:13'),(64,'F','1996-04-20','North Makennafurt','Turkey','2020-02-04 06:02:28','2020-11-16 21:56:13'),(65,'M','1984-01-15','North Aniyahborough','Cameroon','2011-03-03 14:57:37','2020-11-16 21:56:13'),(66,'F','1996-07-06','Port Gavinshire','Spain','2010-11-28 18:22:41','2020-11-16 21:56:13'),(67,'F','1986-10-01','Marksbury','Saint Lucia','2020-10-06 13:25:24','2020-11-16 21:56:13'),(68,'M','1975-10-17','Wuckertland','Slovakia (Slovak Republic)','2012-07-13 00:54:16','2020-11-16 21:56:13'),(69,'F','1981-06-28','Bartolettistad','Turkey','2019-07-15 02:35:39','2020-11-16 21:56:13'),(70,'F','1990-09-27','Lake Einar','British Virgin Islands','2016-06-05 07:33:42','2020-11-16 21:56:13'),(71,'M','2019-07-16','West Electaside','Qatar','2018-07-16 21:43:44','2020-11-16 21:56:13'),(72,'M','1982-05-04','Fredyside','Japan','2013-03-05 12:33:57','2020-11-16 21:56:13'),(73,'M','1996-01-23','East Constance','Azerbaijan','2011-02-28 11:49:12','2020-11-16 21:56:13'),(74,'M','1985-12-09','North Ashly','New Zealand','2014-03-29 18:10:22','2020-11-16 21:56:13'),(75,'M','1995-04-17','Eleonorechester','British Virgin Islands','2011-05-07 01:00:12','2020-11-16 21:56:13'),(76,'M','1982-11-05','South Morton','Hong Kong','2014-09-14 02:41:50','2020-11-16 21:56:13'),(77,'F','2012-08-18','South Armandtown','Kiribati','2018-09-18 21:08:51','2020-11-16 21:56:13'),(78,'M','1979-04-19','South Hazle','Namibia','2016-02-24 14:37:03','2020-11-16 21:56:13'),(79,'F','2002-11-17','West Halieborough','Montenegro','2012-06-26 10:45:19','2020-11-16 21:56:13'),(80,'F','1990-04-04','Lake Berenice','Ukraine','2015-05-08 13:53:03','2020-11-16 21:56:13'),(81,'F','2005-01-04','Alizafort','Netherlands Antilles','2016-12-20 02:18:46','2020-11-16 21:56:13'),(82,'F','2018-11-12','West Ofelia','Denmark','2016-01-22 05:53:33','2020-11-16 21:56:13'),(83,'F','1975-09-09','East Josiane','Burundi','2016-12-11 00:15:44','2020-11-16 21:56:13'),(84,'M','1983-12-12','Asiaport','British Virgin Islands','2012-01-21 10:49:12','2020-11-16 21:56:13'),(85,'F','2005-08-17','South Kelsie','Lebanon','2019-07-25 10:51:48','2020-11-16 21:56:13'),(86,'F','1994-04-06','Linashire','Northern Mariana Islands','2016-06-27 06:22:19','2020-11-16 21:56:13'),(87,'F','1986-02-09','Steuberville','Costa Rica','2016-12-21 15:17:06','2020-11-16 21:56:13'),(88,'F','2015-08-02','Constanceview','France','2018-05-24 13:57:58','2020-11-16 21:56:13'),(89,'M','1997-02-07','Port Maci','Central African Republic','2018-10-29 10:37:16','2020-11-16 21:56:13'),(90,'F','2019-01-06','West Kieran','Greenland','2011-11-08 11:40:56','2020-11-16 21:56:13'),(91,'F','1983-04-01','Kolemouth','Somalia','2011-08-24 02:20:33','2020-11-16 21:56:13'),(92,'M','2019-05-07','Barrowsshire','Latvia','2018-08-31 23:46:52','2020-11-16 21:56:13'),(93,'M','1998-09-26','Amberbury','Niue','2013-07-25 09:13:54','2020-11-16 21:56:13'),(94,'M','1988-08-28','Schoentown','Christmas Island','2019-12-10 08:46:24','2020-11-16 21:56:13'),(95,'M','1991-03-12','Lake D\'angeloville','Christmas Island','2014-10-15 15:00:47','2020-11-16 21:56:13'),(96,'F','1970-07-26','New Gwen','Saudi Arabia','2011-03-31 07:58:32','2020-11-16 21:56:13'),(97,'M','1978-12-11','West Tyrell','Colombia','2016-08-26 10:19:01','2020-11-16 21:56:13'),(98,'M','1988-10-09','East Ericka','Guinea','2014-03-14 09:41:57','2020-11-16 21:56:13'),(99,'F','1998-05-07','East Johnathanhaven','Turks and Caicos Islands','2012-11-23 17:20:30','2020-11-16 21:56:13'),(100,'F','1992-08-14','Hoppechester','Egypt','2015-03-14 14:30:40','2020-11-16 21:56:13');
/*!40000 ALTER TABLE `profiles` ENABLE KEYS */;
UNLOCK TABLES;

--
-- Table structure for table `users`
--

DROP TABLE IF EXISTS `users`;
/*!40101 SET @saved_cs_client     = @@character_set_client */;
/*!50503 SET character_set_client = utf8mb4 */;
CREATE TABLE `users` (
  `id` int unsigned NOT NULL AUTO_INCREMENT COMMENT 'Идентификатор строки',
  `first_name` varchar(100) CHARACTER SET utf8 COLLATE utf8_unicode_ci NOT NULL COMMENT 'Имя пользователя',
  `last_name` varchar(100) CHARACTER SET utf8 COLLATE utf8_unicode_ci NOT NULL COMMENT 'Фамилия пользователя',
  `email` varchar(100) CHARACTER SET utf8 COLLATE utf8_unicode_ci NOT NULL COMMENT 'Почта',
  `phone` varchar(100) CHARACTER SET utf8 COLLATE utf8_unicode_ci NOT NULL COMMENT 'Телефон',
  `created_at` datetime DEFAULT CURRENT_TIMESTAMP COMMENT 'Время создания строки',
  `updated_at` datetime DEFAULT CURRENT_TIMESTAMP ON UPDATE CURRENT_TIMESTAMP COMMENT 'Время обновления строки',
  PRIMARY KEY (`id`),
  UNIQUE KEY `email` (`email`),
  UNIQUE KEY `phone` (`phone`)
) ENGINE=InnoDB AUTO_INCREMENT=101 DEFAULT CHARSET=utf8 COLLATE=utf8_unicode_ci COMMENT='Пользователи';
/*!40101 SET character_set_client = @saved_cs_client */;

--
-- Dumping data for table `users`
--

LOCK TABLES `users` WRITE;
/*!40000 ALTER TABLE `users` DISABLE KEYS */;
INSERT INTO `users` VALUES (1,'Dessie','Lehner','rshields@example.com','1-993-878-3792','2014-04-13 21:43:32','2020-07-02 02:55:05'),(2,'Leta','Murazik','wkoss@example.net','(387)447-0946x79272','2013-12-28 13:02:19','2020-06-27 00:35:53'),(3,'Alexanne','Mayert','zwolff@example.com','928.364.3957','2018-11-12 02:42:19','2020-08-26 15:37:48'),(4,'Michelle','Rau','wiegand.sylvia@example.org','+17(5)2892243648','2020-03-02 14:33:40','2020-08-02 17:23:51'),(5,'Elenor','Walker','bmosciski@example.net','+13(5)3813440756','2015-11-19 02:51:19','2020-03-23 00:06:27'),(6,'Luciano','Toy','monserrate74@example.com','05788684586','2015-10-18 23:30:47','2020-03-19 17:46:29'),(7,'Ivah','Schimmel','isabella30@example.com','508-455-7944x46353','2019-02-28 07:23:46','2020-10-30 11:43:17'),(8,'Donald','Doyle','nienow.wanda@example.com','234-814-8786','2015-12-30 06:29:59','2020-01-06 04:58:17'),(9,'Scotty','Robel','jacques.o\'kon@example.net','680-311-4592x170','2012-09-20 22:52:57','2020-05-16 16:24:09'),(10,'Monty','Roob','chauncey08@example.com','+74(1)1240176736','2011-11-27 04:35:30','2019-12-21 13:42:37'),(11,'Alexandra','Watsica','domingo.feest@example.org','+45(8)4446526945','2016-07-28 17:12:11','2020-02-19 15:59:14'),(12,'Toby','Carroll','dgorczany@example.org','1-495-044-5068','2013-02-10 02:33:42','2019-12-18 11:49:45'),(13,'Eulah','Schaden','vkovacek@example.org','368.291.1643x91640','2020-02-27 15:15:37','2020-09-26 19:24:52'),(14,'Carleton','Windler','destany.emard@example.org','+81(6)5959340259','2011-03-17 17:49:40','2020-06-23 19:54:26'),(15,'Lexus','Quigley','bschinner@example.net','+42(8)3586299194','2014-12-17 22:31:48','2020-03-03 08:06:50'),(16,'Marlin','Schultz','goyette.jamie@example.org','1-018-383-5546x91960','2013-08-26 00:29:52','2020-03-08 13:45:28'),(17,'Nola','Barrows','kelvin89@example.com','(149)618-5838x3202','2015-08-15 13:03:50','2020-08-15 21:32:52'),(18,'Joy','Bernhard','anderson80@example.com','1-020-172-6343x602','2017-05-05 22:23:13','2020-01-06 19:34:34'),(19,'Hiram','Swaniawski','powlowski.mohamed@example.com','825.295.8605x0645','2013-07-12 22:01:32','2020-09-13 12:41:53'),(20,'Rae','Grimes','chester39@example.net','253-120-3518x69687','2012-12-20 19:52:39','2020-08-15 20:32:32'),(21,'Ubaldo','O\'Kon','edaugherty@example.net','050-175-7565x15664','2016-11-09 23:57:58','2020-10-22 00:55:31'),(22,'Amparo','Rau','payton.hilll@example.net','+67(6)2273184330','2014-03-21 00:03:54','2019-11-19 02:33:32'),(23,'Juliana','Rempel','royce50@example.org','(552)602-7802x4459','2018-01-09 20:23:36','2020-04-21 04:06:32'),(24,'Maryse','Bruen','mcollier@example.net','1-213-460-9046x3143','2012-09-12 11:05:19','2020-05-05 04:07:57'),(25,'Dallas','Hilpert','mckenzie.maximillian@example.com','499.845.5485x226','2018-11-13 23:46:11','2020-01-13 23:16:05'),(26,'Danyka','Grant','breitenberg.leonard@example.com','339.512.2745x90305','2020-03-19 12:50:05','2020-11-16 21:56:05'),(27,'Jaiden','Mosciski','zrice@example.com','1-587-878-4165','2020-11-07 20:22:46','2020-11-16 21:56:05'),(28,'Flavie','Wilderman','sanford99@example.org','06884560748','2012-04-28 12:51:08','2020-08-29 09:49:26'),(29,'Griffin','Jakubowski','ray27@example.com','793-715-2406','2015-04-09 02:57:44','2020-02-06 01:21:56'),(30,'Karson','Kirlin','pietro.schuster@example.net','021.631.4676','2018-08-10 17:54:43','2020-10-08 19:30:04'),(31,'Ricardo','Thompson','kylie32@example.net','+96(0)0973301030','2012-03-18 22:35:14','2019-11-29 02:23:56'),(32,'Travon','Stoltenberg','fbednar@example.com','314.803.9825','2012-06-18 08:25:57','2020-10-20 15:00:37'),(33,'Robyn','Bogisich','eo\'connell@example.net','(964)793-9872','2020-09-23 08:35:12','2020-11-16 21:56:05'),(34,'Mike','Schaden','collier.wilma@example.net','696.340.1739','2012-04-13 07:08:55','2020-04-13 12:48:42'),(35,'Gwen','Renner','mante.connor@example.net','+61(7)4743060988','2015-04-24 17:50:47','2020-03-18 03:14:53'),(36,'Santos','Homenick','maymie21@example.org','08414008185','2014-12-16 12:53:10','2020-04-07 03:30:21'),(37,'Shane','Berge','tania87@example.com','470-322-6969x91035','2011-06-21 12:59:54','2020-02-25 12:10:41'),(38,'Marcos','Schmeler','leonard.hamill@example.net','227-989-5796','2011-07-30 06:39:34','2020-09-21 12:43:29'),(39,'Roman','Smitham','veronica61@example.net','868.752.3869x0540','2012-02-14 22:24:01','2020-02-25 22:22:34'),(40,'Wallace','Luettgen','rice.ines@example.com','1-175-183-5171x507','2012-12-29 19:00:33','2020-01-12 21:56:05'),(41,'Leola','Beer','znitzsche@example.com','901.328.0428x6381','2016-05-27 03:09:41','2020-02-02 11:55:52'),(42,'Abner','Barrows','thelma.runolfsdottir@example.org','+32(7)1515320537','2011-11-30 06:52:39','2020-03-17 18:04:20'),(43,'Stan','Jones','tfarrell@example.org','587-237-3962x81806','2016-03-28 22:00:30','2020-11-16 10:19:06'),(44,'Nya','Stracke','alessia48@example.net','400.324.0139x31738','2013-10-01 07:37:11','2020-01-30 20:50:09'),(45,'Claudine','Abshire','tillman.hertha@example.com','(757)897-8390x97714','2020-04-22 23:09:02','2020-07-28 11:42:14'),(46,'Susan','Lemke','fredrick.cruickshank@example.net','1-393-602-1425x6033','2017-07-25 12:40:58','2020-10-07 04:43:49'),(47,'Shane','Spencer','keebler.dexter@example.com','982-615-7751x4836','2018-02-16 18:59:50','2020-06-21 06:11:50'),(48,'Raphael','Wyman','earline39@example.net','169-352-2159x056','2017-01-10 02:28:42','2020-03-21 00:55:06'),(49,'Guiseppe','Bartell','mebert@example.org','535.104.1860','2012-01-29 18:29:08','2020-02-16 21:09:02'),(50,'Assunta','Hilpert','jgerlach@example.org','(767)202-7072','2019-07-30 17:38:31','2019-12-22 12:21:39'),(51,'Braden','Bruen','amara81@example.net','773-364-8535','2013-03-17 15:25:37','2020-04-16 11:02:13'),(52,'Claudie','Corkery','alexandra92@example.org','1-472-687-5012','2020-09-10 21:06:25','2020-11-16 21:56:05'),(53,'Sophia','Johns','ctrantow@example.com','+75(5)0185168965','2011-11-25 06:16:29','2020-02-02 22:48:02'),(54,'Gerald','Carroll','aditya85@example.net','1-519-543-2330x54721','2012-03-07 17:16:35','2019-12-18 09:07:11'),(55,'Rowena','Schuppe','mraz.bart@example.net','880.208.7973x3241','2019-12-22 07:37:54','2020-01-23 01:55:11'),(56,'Katrine','Barton','feest.callie@example.com','+06(3)9265231057','2020-01-19 12:15:55','2020-05-11 13:04:36'),(57,'Victor','West','ritchie.felicia@example.com','1-812-123-6545x8335','2015-07-01 11:58:31','2020-06-07 19:26:15'),(58,'Leopoldo','Hermiston','lura30@example.org','699-395-0224x90867','2020-01-30 21:10:31','2020-11-16 21:56:05'),(59,'Thad','Schulist','wheaney@example.org','1-544-882-5417','2015-07-16 14:00:52','2019-12-24 21:59:29'),(60,'London','Hudson','kiehn.mollie@example.org','478.562.4194','2018-08-29 22:48:15','2020-05-27 09:02:21'),(61,'Nestor','Weber','schowalter.immanuel@example.org','928.733.1407x98078','2018-03-04 14:37:19','2020-10-22 10:11:39'),(62,'Madge','Quigley','jayme58@example.org','677.649.2102','2017-07-31 18:59:22','2020-07-23 12:18:22'),(63,'Dave','Hegmann','buck21@example.com','006.874.7425x76850','2012-09-27 22:10:40','2020-05-23 12:01:57'),(64,'Gia','McCullough','grimes.laurie@example.org','520.265.1314','2015-12-06 20:17:19','2019-11-24 23:16:51'),(65,'Lysanne','Rowe','valentine.sawayn@example.org','02640240579','2013-07-11 21:00:27','2020-09-26 20:05:10'),(66,'Wellington','Bartoletti','flatley.lonie@example.com','989.820.1789','2013-04-26 16:42:16','2020-10-13 04:40:31'),(67,'Winnifred','Anderson','ykris@example.net','(780)418-4810x040','2019-07-10 05:39:39','2020-08-06 23:00:10'),(68,'Albertha','Lind','larry.tromp@example.org','(854)019-4039x35142','2016-08-07 18:48:46','2020-01-22 01:28:29'),(69,'Shanny','Roberts','larson.rollin@example.org','698.992.4827x0708','2013-06-17 08:11:26','2020-01-19 04:27:56'),(70,'Amara','Wolf','rosalind.mayer@example.com','1-865-563-3013x459','2010-12-09 01:30:56','2020-03-03 09:46:42'),(71,'Mariah','Lehner','schiller.viola@example.net','006-821-3730x66356','2016-02-02 03:02:20','2020-10-12 22:09:04'),(72,'Jenifer','Konopelski','isabelle.hodkiewicz@example.com','1-143-529-7265x2940','2017-07-21 01:14:06','2020-09-04 08:41:19'),(73,'Serena','Bogan','donnelly.enos@example.net','105-659-6119x62972','2020-11-11 22:21:54','2020-11-16 21:56:05'),(74,'Sabryna','Stamm','colby.kuvalis@example.com','(997)397-5819x8326','2015-04-30 22:14:00','2020-04-20 23:21:08'),(75,'Alford','Kiehn','gunnar.green@example.com','1-300-309-3668x5783','2011-06-17 22:14:24','2020-02-21 05:30:30'),(76,'Clifton','Block','akling@example.org','1-954-932-6030x92616','2011-11-29 01:56:33','2020-03-29 00:32:19'),(77,'Marquis','Adams','myriam.kerluke@example.org','+02(9)8762403683','2011-11-15 07:09:13','2020-02-23 00:57:55'),(78,'Kaylin','Dibbert','mayer.adam@example.net','(711)231-3511x841','2015-08-13 16:23:25','2020-02-19 00:13:33'),(79,'Helena','Prosacco','flatley.grace@example.net','987-381-8452x233','2011-02-25 06:14:16','2020-07-10 01:30:57'),(80,'Jerrod','Hayes','emmerich.payton@example.org','06987948847','2020-10-15 08:21:32','2020-11-16 21:56:05'),(81,'Rod','Wehner','go\'conner@example.net','1-640-357-1442','2014-02-16 16:43:17','2020-01-07 15:18:07'),(82,'Saul','Gutkowski','rosenbaum.chasity@example.net','07157178281','2012-11-02 08:57:50','2020-07-16 22:43:03'),(83,'Adrian','Turner','hbraun@example.org','09602488345','2014-02-23 16:15:59','2020-01-23 10:24:57'),(84,'Catalina','Leuschke','earline47@example.net','(336)511-2479','2014-12-28 12:02:31','2020-06-30 20:31:59'),(85,'Chris','Tremblay','llittel@example.com','(774)612-8853x7544','2019-05-01 09:10:28','2019-12-22 03:30:41'),(86,'Lily','Murray','wolf.felipe@example.org','00554974687','2016-11-04 16:53:48','2020-08-22 10:08:52'),(87,'Violette','Hessel','clemens.pagac@example.org','1-547-106-3533','2013-07-29 18:42:25','2020-07-13 08:15:50'),(88,'Misael','Berge','lockman.gillian@example.com','(466)059-7773x0246','2019-01-10 01:17:00','2020-07-11 11:58:14'),(89,'Alvera','Simonis','jessy.carter@example.com','919.833.6422x35116','2015-02-05 14:44:26','2020-05-05 21:39:48'),(90,'Shannon','Johnston','jorge45@example.org','1-962-145-2389x577','2016-06-12 07:14:46','2020-09-16 23:53:08'),(91,'Maiya','Koss','obotsford@example.com','188-969-7661x94780','2017-07-07 09:00:34','2020-02-29 10:07:45'),(92,'Kiana','Konopelski','jgrimes@example.org','04785336164','2020-07-14 10:42:09','2020-11-16 21:56:05'),(93,'Dominique','Murray','erick.goldner@example.net','876-363-3292x3952','2012-02-15 16:35:13','2020-09-11 15:46:19'),(94,'Garnett','Rosenbaum','zlockman@example.net','635.660.0445','2012-06-07 18:54:15','2020-11-08 11:11:55'),(95,'Kay','Hodkiewicz','nhessel@example.org','1-788-098-5150x23041','2014-08-14 16:00:19','2019-12-21 22:58:29'),(96,'Dusty','O\'Conner','von.gerson@example.com','(337)490-4184x7367','2019-04-15 18:32:13','2020-03-17 20:18:54'),(97,'Jude','Wiza','jerrod.grant@example.org','645.736.0523x6824','2014-09-12 08:13:03','2020-06-01 19:15:53'),(98,'Maudie','Wintheiser','dangelo48@example.net','027.989.9623x00135','2013-07-10 11:05:46','2020-04-07 15:07:27'),(99,'Elias','Reichert','bins.nicolas@example.com','337-633-9210x7685','2011-04-11 10:34:26','2020-06-25 15:36:59'),(100,'Avis','Nicolas','dixie.terry@example.org','857.770.9189x0395','2014-07-08 09:23:37','2020-11-08 03:35:27');
/*!40000 ALTER TABLE `users` ENABLE KEYS */;
UNLOCK TABLES;
/*!40103 SET TIME_ZONE=@OLD_TIME_ZONE */;

/*!40101 SET SQL_MODE=@OLD_SQL_MODE */;
/*!40014 SET FOREIGN_KEY_CHECKS=@OLD_FOREIGN_KEY_CHECKS */;
/*!40014 SET UNIQUE_CHECKS=@OLD_UNIQUE_CHECKS */;
/*!40101 SET CHARACTER_SET_CLIENT=@OLD_CHARACTER_SET_CLIENT */;
/*!40101 SET CHARACTER_SET_RESULTS=@OLD_CHARACTER_SET_RESULTS */;
/*!40101 SET COLLATION_CONNECTION=@OLD_COLLATION_CONNECTION */;
/*!40111 SET SQL_NOTES=@OLD_SQL_NOTES */;

-- Dump completed on 2020-11-16 23:18:02
